,station_id,date,temperature,humidity,pm10,pm25
0,A,2024-01-01,32.5,52,0.08046648385139087,0.14926933128500805
1,A,2024-01-02,29.6,85,0.5729546636994,0.024151335580106358
2,A,2024-01-03,14.1,37,0.7252206090515496,0.47796039215923053
3,A,2024-01-04,26.7,49,0.7447319611246654,0.24831456723237474
4,A,2024-01-05,13.8,69,0.8218930969465587,0.16102267579684448
5,A,2024-01-06,32.9,89,0.33904846077862977,0.20148743678778055
6,A,2024-01-07,12.6,78,0.8330505403829975,0.6900019023907528
7,A,2024-01-08,30.3,83,0.012002193708179537,0.8072178364646131
8,A,2024-01-09,28.2,58,0.06780959588097632,0.5340199764231953
9,A,2024-01-10,18.0,77,0.4587565674988341,0.03165121952793691
10,A,2024-01-11,29.2,70,0.06770014611096334,0.3280418914902616
11,A,2024-01-12,14.1,89,0.735036125154846,0.17919019626685506
12,A,2024-01-13,34.9,40,0.6203697424471779,0.20339026891324494
13,A,2024-01-14,7.3,42,0.17621563151314115,0.5242311414189011
14,A,2024-01-15,28.8,62,0.38177613022437007,0.5050448505536183
15,A,2024-01-16,11.4,57,0.23975481238646465,0.14515518262437482
16,A,2024-01-17,12.4,72,0.6640720408816051,0.09448958904874143
17,A,2024-01-18,34.4,58,0.8253970985923578,0.169471416927156
18,A,2024-01-19,32.6,47,0.19431303814789241,0.642663603236004
19,A,2024-01-20,29.1,77,0.4501572170159095,0.808036230641177
20,A,2024-01-21,6.0,74,0.33380877809873233,0.12788485565511998
21,A,2024-01-22,18.0,90,0.1637067428645754,0.8891964277502398
22,A,2024-01-23,27.5,86,0.31959971048452335,0.5686842554501882
23,A,2024-01-24,20.9,69,0.24962970085931033,0.28649694968996026
24,A,2024-01-25,19.3,63,0.28153719062873567,0.5855156952182254
25,A,2024-01-26,18.0,37,0.053452404761116096,0.8355765574470247
26,A,2024-01-27,30.2,36,0.5958659508841165,0.5212549863405689
27,A,2024-01-28,19.9,57,0.25261846747577876,0.5093904812885693
28,A,2024-01-29,6.9,61,0.20005285495272437,0.6076671907855816
29,A,2024-01-30,31.1,71,0.2844396998988519,0.123457622461951
30,A,2024-01-31,11.8,31,0.6319102067865462,0.44638289636099077
31,A,2024-02-01,11.9,31,0.6274220807706494,0.580846188265792
32,A,2024-02-02,21.7,60,0.26960689999242243,0.6489284686666127
33,A,2024-02-03,28.2,43,0.16352277885817304,0.7931149323018445
34,A,2024-02-04,12.6,88,0.556456030232123,0.4573105155982601
35,A,2024-02-05,5.8,34,0.006049651601662441,0.3781495800198984
36,A,2024-02-06,29.2,75,0.7131611749284911,0.42232998193665316
37,A,2024-02-07,13.6,71,0.5953348863970829,0.19888915290024844
38,A,2024-02-08,10.2,30,0.3207892646033875,0.7278575173124132
39,A,2024-02-09,13.6,90,0.14152107068741376,0.6487528045240895
40,A,2024-02-10,23.3,74,0.6353726636792538,0.3513026227239169
41,A,2024-02-11,27.7,49,0.6170159419251262,0.2661384489378813
42,A,2024-02-12,27.7,48,0.6205983775651006,0.7099681000932748
43,A,2024-02-13,5.9,79,0.8513480658367815,0.4556064895684209
44,A,2024-02-14,32.4,81,0.251436458858778,0.7459985478331116
45,A,2024-02-15,7.9,58,0.4457462022721035,0.0904636220285562
46,A,2024-02-16,16.4,33,0.5378888593521878,0.05220448319509991
47,A,2024-02-17,24.1,78,0.16507024653453678,0.6981844072416769
48,A,2024-02-18,20.8,53,0.3881567097624105,0.4333476885618092
49,A,2024-02-19,12.7,61,0.6611469126946865,0.179996480123334
50,A,2024-02-20,17.1,48,0.8362030215485958,0.07333931650227386
51,A,2024-02-21,11.1,52,0.849960022874995,0.19181300743773722
52,A,2024-02-22,27.9,88,0.5371943882070086,0.6475863157572813
53,A,2024-02-23,5.6,58,0.41764291411498583,0.3440097892853212
54,A,2024-02-24,23.0,34,0.3931678575028264,0.19562456724044788
55,A,2024-02-25,25.2,47,0.08124541235870585,0.4917466949764059
56,A,2024-02-26,20.6,69,0.023268547980683837,0.4822009632243165
57,A,2024-02-27,25.0,75,0.49657170233493897,0.5992907396535971
58,A,2024-02-28,25.0,47,0.5701661607535153,0.5523013629432448
59,A,2024-02-29,28.2,41,0.7153163466008664,0.25713189739016495
60,A,2024-03-01,31.4,50,0.5049059801147543,0.8397478892894845
61,A,2024-03-02,20.9,35,0.14133872869117195,0.03222184994651375
62,A,2024-03-03,32.8,73,0.09349137405696681,0.6117119177166318
63,A,2024-03-04,21.7,62,0.7603097642683762,0.27508900104293765
64,A,2024-03-05,27.5,69,0.4511533901818057,0.2059567767598229
65,A,2024-03-06,14.0,56,0.7246666006160569,0.8674573664586048
66,A,2024-03-07,29.5,46,0.5264190522265619,0.7535147851079438
67,A,2024-03-08,17.2,55,0.12950722071967166,0.06450823309601851
68,A,2024-03-09,24.2,78,0.7835658582540976,0.5546412391358644
69,A,2024-03-10,22.6,36,0.4705083320010488,0.08631656175622618
70,A,2024-03-11,18.2,35,0.6321354507487427,0.04581429058690259
71,A,2024-03-12,13.3,66,0.8244127715926,0.5271480428422465
72,A,2024-03-13,25.2,50,0.18324916769953828,0.5988444128516933
73,A,2024-03-14,13.1,74,0.30320634317418665,0.6609116785242959
74,A,2024-03-15,26.4,51,0.5007824468086819,0.6938767553560479
75,A,2024-03-16,5.2,44,0.3284275435156049,0.36549577702878827
76,A,2024-03-17,9.7,62,0.6111888948235885,0.8661233431777725
77,A,2024-03-18,26.9,61,0.28606552071846986,0.5725164664451721
78,A,2024-03-19,9.3,87,0.8857845790162711,0.5968704206824399
79,A,2024-03-20,13.6,72,0.042472876954165156,0.2599594666817877
80,A,2024-03-21,14.2,90,0.8804772868021973,0.24011791423688977
81,A,2024-03-22,14.5,50,0.505886792714239,0.12817259787748977
82,A,2024-03-23,23.4,74,0.18619851713231308,0.8136080480154884
83,A,2024-03-24,31.0,77,0.6855182349832802,0.7295220637389658
84,A,2024-03-25,6.1,57,0.39703420394425576,0.3395286164398293
85,A,2024-03-26,6.7,70,0.8265587463428108,0.8884519786441185
86,A,2024-03-27,28.2,55,0.02402645444039303,0.7344936794045002
87,A,2024-03-28,22.6,86,0.3461153885911149,0.6786537821432919
88,A,2024-03-29,5.3,75,0.7382973106384139,0.20949169217984454
89,A,2024-03-30,29.8,44,0.825107476345042,0.3702382350850968
90,A,2024-03-31,31.9,47,0.42685785437141527,0.10718541946460608
91,A,2024-04-01,18.7,34,0.039975401906850984,0.5421783432150441
92,A,2024-04-02,18.2,43,0.413045569473748,0.5736868096285529
93,A,2024-04-03,26.4,82,0.12371043398137745,0.05567409097938114
94,A,2024-04-04,32.9,77,0.14391290583903973,0.33218589208247806
95,A,2024-04-05,20.2,39,0.05182164259442273,0.14438663549718772
96,A,2024-04-06,5.6,40,0.5882787376646614,0.232780507639826
97,A,2024-04-07,33.7,83,0.2658039124993892,0.877499489312695
98,A,2024-04-08,29.8,35,0.18072077644355294,0.2369492262705297
99,A,2024-04-09,20.2,52,0.7850873032080424,0.4524918659470916
100,A,2024-04-10,23.8,39,0.29020760211734253,0.7942691544068506
101,A,2024-04-11,33.5,66,0.18779030480332937,0.7610835611109087
102,A,2024-04-12,21.6,60,0.07244847554476473,0.08117732712375875
103,A,2024-04-13,16.4,31,0.5299927129396794,0.14612102044384256
104,A,2024-04-14,17.3,32,0.3277399348373911,0.6751716528455161
105,A,2024-04-15,20.5,37,0.31857906864423535,0.4172260588515166
106,A,2024-04-16,13.8,58,0.7575904490160372,0.8641136929981682
107,A,2024-04-17,28.8,41,0.1768136747141345,0.07282294496824253
108,A,2024-04-18,31.2,65,0.8823786669700152,0.8051186330846556
109,A,2024-04-19,26.5,33,0.02994774339886719,0.539698379699765
110,A,2024-04-20,14.2,56,0.8223331894629654,0.2136338696943971
111,A,2024-04-21,20.5,84,0.8017459306748973,0.34807870371761335
112,A,2024-04-22,6.7,68,0.0032246381501684195,0.4552340890728807
113,A,2024-04-23,8.8,45,0.7460063388008855,0.7688178373561192
114,A,2024-04-24,26.7,69,0.8425909153018504,0.2965699568329364
115,A,2024-04-25,22.4,52,0.8627834605558292,0.3313685342740424
116,A,2024-04-26,14.7,74,0.47621206546113154,0.47771822727668767
117,A,2024-04-27,12.8,55,0.501727352861854,0.6926121572338201
118,A,2024-04-28,11.6,43,0.8319374699129847,0.18120647316109523
119,A,2024-04-29,17.2,37,0.8570123443285557,0.05286898142363183
120,A,2024-04-30,19.4,54,0.8351641567505506,0.6464831347662946
121,A,2024-05-01,28.7,41,0.8394511026367955,0.5763637220227704
122,A,2024-05-02,22.9,74,0.11623093852690664,0.7695700374333995
123,A,2024-05-03,9.6,35,0.8531288484140491,0.29420196617292427
124,A,2024-05-04,13.8,64,0.8782244753753063,0.03591961887439842
125,A,2024-05-05,13.6,49,0.6969683257099402,0.4177430185975775
126,A,2024-05-06,27.5,48,0.02386255155430818,0.7802373818866862
127,A,2024-05-07,24.1,71,0.714256884504936,0.059651380203007684
128,A,2024-05-08,20.3,44,0.8326739624510914,0.007757023685258555
129,A,2024-05-09,19.3,60,0.5351403107933635,0.10096865681490981
130,A,2024-05-10,7.4,69,0.14034416165799032,0.3854957247065704
131,A,2024-05-11,14.7,61,0.4663244760822773,0.8164255102600196
132,A,2024-05-12,6.1,48,0.7203785426032254,0.7745984847315865
133,A,2024-05-13,9.9,30,0.5570639871810711,0.601964109448254
134,A,2024-05-14,34.4,67,0.012002603539864997,0.7801278498063368
135,A,2024-05-15,16.1,38,0.751326492092761,0.6016950685920662
136,A,2024-05-16,8.9,81,0.7365523044870165,0.7922351640249836
137,A,2024-05-17,28.2,74,0.7696290526520929,0.4182498447285142
138,A,2024-05-18,21.1,57,0.7570795506196544,0.7653227024743248
139,A,2024-05-19,30.0,77,0.828597426682332,0.14083706681285268
140,A,2024-05-20,9.7,53,0.2890587940516246,0.4751320442739048
141,A,2024-05-21,31.9,66,0.7653631923297364,0.27458446617658755
142,A,2024-05-22,25.4,74,0.031234311392257953,0.6663292673635656
143,A,2024-05-23,32.0,44,0.5690141946206257,0.28413525076860674
144,A,2024-05-24,7.5,31,0.16907540524806877,0.020231254171024796
145,A,2024-05-25,25.0,90,0.08848877068949226,0.5059298945838931
146,A,2024-05-26,10.8,57,0.09811346925437014,0.26655167233800936
147,A,2024-05-27,10.3,85,0.8345130427299015,0.2682404024699939
148,A,2024-05-28,31.2,61,0.07335861969092258,0.37878447680399985
149,A,2024-05-29,11.9,50,0.5171713162285859,0.3348950713842126
150,A,2024-05-30,16.0,62,0.16945015682072342,0.30578660013284964
151,A,2024-05-31,33.5,79,0.10393006245769343,0.22222610055295566
152,A,2024-06-01,8.6,34,0.7917064162242099,0.8232325761669342
153,A,2024-06-02,28.6,59,0.240942892256997,0.07698617356048594
154,A,2024-06-03,29.3,79,0.5663639975261935,0.5733341959939331
155,A,2024-06-04,30.8,62,0.02661282371240227,0.6043923249342649
156,A,2024-06-05,10.6,47,0.6167704072255171,0.6371651934052849
157,A,2024-06-06,32.0,54,0.15107409093874247,0.887031259269133
158,A,2024-06-07,28.6,86,0.09863170409078352,0.17243533891252286
159,A,2024-06-08,27.1,63,0.15354029679865655,0.6187481034136099
160,A,2024-06-09,30.8,38,0.5773821171600446,0.585189673464951
161,A,2024-06-10,25.3,34,0.7789517493603467,0.5922287406466185
162,A,2024-06-11,32.8,60,0.16385925624567352,0.34344182498089615
163,A,2024-06-12,13.6,83,0.8490387544283033,0.499360792458781
164,A,2024-06-13,15.2,34,0.5966233140776299,0.5479063636547773
165,A,2024-06-14,19.4,64,0.02680898730003211,0.36426342110425414
166,A,2024-06-15,23.7,76,0.10568969243697256,0.7913401268810818
167,A,2024-06-16,21.1,61,0.38932455955458184,0.023252245414911964
168,A,2024-06-17,9.7,71,0.8213555608892814,0.06593930359664273
169,A,2024-06-18,25.2,61,0.7844546169801052,0.5228207064218017
170,A,2024-06-19,17.4,66,0.866397980935819,0.03306714211767221
171,A,2024-06-20,23.4,85,0.3357147009143077,0.33290177826825074
172,A,2024-06-21,18.8,75,0.6340025512378378,0.7457845837861016
173,A,2024-06-22,27.5,49,0.8677630622856222,0.21909776423420152
174,A,2024-06-23,7.0,30,0.6441301532840124,0.43642440846258335
175,A,2024-06-24,21.3,30,0.03843409311259972,0.7845614026534846
176,A,2024-06-25,14.9,51,0.8199754077211799,0.4460842675694811
177,A,2024-06-26,29.2,73,0.8904311269135122,0.4525955747466745
178,A,2024-06-27,28.2,82,0.27627751720948573,0.3614772743743974
179,A,2024-06-28,22.9,53,0.2312575923516669,0.43671805536910374
180,A,2024-06-29,9.0,38,0.8421767740868215,0.589113895036179
181,A,2024-06-30,20.1,41,0.41290855501612156,0.3564480423766086
182,A,2024-07-01,7.4,79,0.5090628999767028,0.04151343588980908
183,A,2024-07-02,9.9,68,0.07320674566256788,0.5023677754981332
184,A,2024-07-03,24.2,61,0.3909025678792602,0.2961701909020013
185,A,2024-07-04,31.5,61,0.7338153791133221,0.46263024760815324
186,A,2024-07-05,25.0,63,0.55669629233456,0.4598131238379913
187,A,2024-07-06,34.6,32,0.0987002327013242,0.31326555870293565
188,A,2024-07-07,34.8,36,0.37856619292670357,0.5562073903900269
189,A,2024-07-08,34.2,71,0.06123918692598147,0.6314049424546732
190,A,2024-07-09,21.9,66,0.36347025372093866,0.23044655835178945
191,A,2024-07-10,15.9,89,0.5828722052535413,0.8458481666335552
192,A,2024-07-11,20.8,36,0.8872265001290949,0.129345482830518
193,A,2024-07-12,24.2,49,0.11485385140925097,0.1582026841248968
194,A,2024-07-13,9.9,52,0.30670651270314164,0.5644645490158948
195,A,2024-07-14,21.5,54,0.8068878450415389,0.10792513437791261
196,A,2024-07-15,26.7,54,0.6894085575985776,0.801053887475965
197,A,2024-07-16,14.3,59,0.8959701356975688,0.8012590382260782
198,A,2024-07-17,23.2,50,0.46160106551856683,0.20476373748502194
199,A,2024-07-18,17.4,34,0.12435607492347513,0.004959120573099247
200,A,2024-07-19,30.7,72,0.03757285112118827,0.5791176032834432
201,A,2024-07-20,33.1,61,0.24506407563309518,0.6647821694540427
202,A,2024-07-21,9.4,45,0.13684724316048072,0.8366824517443948
203,A,2024-07-22,30.4,53,0.6355388798246214,0.4845618835770625
204,A,2024-07-23,27.9,63,0.31997763404293483,0.3549651926733313
205,A,2024-07-24,28.3,87,0.44169055598896545,0.5225358216626931
206,A,2024-07-25,21.3,62,0.7481478363571314,0.7717380645945658
207,A,2024-07-26,12.5,75,0.4588906896332818,0.32480080153759244
208,A,2024-07-27,32.0,87,0.8725694534176327,0.24617865818156878
209,A,2024-07-28,23.4,87,0.5231899916009867,0.5088843708075702
210,A,2024-07-29,16.6,89,0.1373561181642232,0.33856356721516284
211,A,2024-07-30,33.4,88,0.5396792109539105,0.0862696849516135
212,A,2024-07-31,19.6,49,0.26402896155740396,0.8464450174704068
213,A,2024-08-01,6.4,89,0.2437833132856371,0.7429436633409826
214,A,2024-08-02,17.7,83,0.2981222435515122,0.318259369410416
215,A,2024-08-03,27.0,85,0.6636371984017073,0.6643526397039976
216,A,2024-08-04,17.7,67,0.48292040081496235,0.059486077098785006
217,A,2024-08-05,33.5,69,0.20874662249438294,0.6698402061689073
218,A,2024-08-06,22.8,34,0.10832216450436674,0.31692476204622894
219,A,2024-08-07,24.2,54,0.14705124787945476,0.6950328593020169
220,A,2024-08-08,12.0,80,0.7005006704718688,0.8759196140646615
221,A,2024-08-09,30.9,61,0.15329039439620862,0.6644748818268199
222,A,2024-08-10,32.6,84,0.4419251330808392,0.6155774230308205
223,A,2024-08-11,32.2,63,0.6824667781308202,0.5272353290325197
224,A,2024-08-12,31.9,41,0.5333748134063688,0.22270684801556434
225,A,2024-08-13,30.5,59,0.7991149069917877,0.4748223218888758
226,A,2024-08-14,26.8,76,0.027811886373900096,0.14923817144257392
227,A,2024-08-15,21.3,44,0.6329305224664483,0.20488515432544502
228,A,2024-08-16,32.1,81,0.4098888469109593,0.7382631614346646
229,A,2024-08-17,11.6,43,0.21551833298313508,0.8958560665808817
230,A,2024-08-18,22.2,75,0.4032289505398189,0.4308874070960403
231,A,2024-08-19,14.1,72,0.7500098332337358,0.09288486653435228
232,A,2024-08-20,13.8,75,0.8153241643578669,0.6546523967695237
233,A,2024-08-21,16.4,41,0.01831756636220371,0.39835989201906746
234,A,2024-08-22,5.7,62,0.543578573522913,0.47184532021205206
235,A,2024-08-23,21.1,55,0.34227087129695816,0.10462788977760712
236,A,2024-08-24,26.0,73,0.6660214375113057,0.1303503675647828
237,A,2024-08-25,15.8,51,0.07841671035065925,0.5723884892888957
238,A,2024-08-26,33.8,88,0.7593243408620993,0.7540354069457166
239,A,2024-08-27,26.5,70,0.756815428611583,0.4043442173588089
240,A,2024-08-28,27.9,66,0.8929214646073494,0.14727632306600527
241,A,2024-08-29,34.6,79,0.3493866612832453,0.8704645365730497
242,A,2024-08-30,32.3,80,0.0014022993124349434,0.8389410470622349
243,A,2024-08-31,29.3,34,0.3665048966737647,0.39892374022876
244,A,2024-09-01,8.4,77,0.05205436240333675,0.010654147904273496
245,A,2024-09-02,11.4,78,0.7334094581869616,0.11577997445707838
246,A,2024-09-03,20.1,80,0.5117222035350437,0.24849642354682813
247,A,2024-09-04,24.7,40,0.6000270390587037,0.615518270536275
248,A,2024-09-05,30.5,40,0.4106604714509924,0.8612179296604447
249,A,2024-09-06,20.4,55,0.2746072967356623,0.05596101433030665
250,A,2024-09-07,17.4,66,0.48200032893818323,0.3102168072530859
251,A,2024-09-08,6.6,60,0.41602153648763424,0.1273574339852736
252,A,2024-09-09,17.8,55,0.18098793739743743,0.2672047384084377
253,A,2024-09-10,11.5,66,0.8002956400484974,0.7617175617687278
254,A,2024-09-11,29.3,52,0.2523947708220409,0.16677099329364764
255,A,2024-09-12,27.6,59,0.7906246138797635,0.5285918364815415
256,A,2024-09-13,31.9,51,0.6528202203607898,0.3219777871123012
257,A,2024-09-14,5.1,36,0.6075602221998672,0.7298256552130036
258,A,2024-09-15,21.0,43,0.4033114756508614,0.23296256526108866
259,A,2024-09-16,23.7,81,0.5780474792005589,0.2553687241761708
260,A,2024-09-17,12.4,78,0.39987199857198075,0.12448333543262044
261,A,2024-09-18,34.7,57,0.5303892031708479,0.8642003187201319
262,A,2024-09-19,29.4,68,0.030142342638841156,0.4088956768158176
263,A,2024-09-20,18.2,64,0.5267896911750805,0.2655698841852753
264,A,2024-09-21,30.1,65,0.4305065332746913,0.866317301269562
265,A,2024-09-22,25.1,40,0.662501124531398,0.6868692186503204
266,A,2024-09-23,31.5,73,0.6550521372093879,0.7216638939464196
267,A,2024-09-24,32.0,31,0.16768282546751187,0.8355994860140299
268,A,2024-09-25,24.0,83,0.5312943223111246,0.6352415243018931
269,A,2024-09-26,13.4,55,0.8660243029748567,0.1912291467722461
270,A,2024-09-27,32.7,53,0.8083134043302872,0.05717514347376858
271,A,2024-09-28,24.1,88,0.15293781301324919,0.4565196756648341
272,A,2024-09-29,5.1,34,0.33135240338970595,0.7053216728508246
273,A,2024-09-30,21.0,31,0.6559666942706508,0.062113505976503766
274,A,2024-10-01,28.7,33,0.41420530629130453,0.15208592573174098
275,A,2024-10-02,17.5,32,0.568618997876766,0.7505605996193889
276,A,2024-10-03,26.1,75,0.10209837454553877,0.410240929340406
277,A,2024-10-04,31.3,43,0.8520536220966052,0.8581790084638617
278,A,2024-10-05,9.3,76,0.684105467379184,0.5596891690687285
279,A,2024-10-06,29.2,68,0.6011235110750457,0.22655190454303054
280,A,2024-10-07,11.2,71,0.20086936842257375,0.4486189923343412
281,A,2024-10-08,5.0,67,0.1688195343192001,0.6579047769700811
282,A,2024-10-09,24.7,56,0.18869656308186095,0.612152825165354
283,A,2024-10-10,9.3,48,0.1605250990713213,0.6818155297663093
284,A,2024-10-11,9.8,73,0.14072340333672811,0.4419370409392447
285,A,2024-10-12,24.9,36,0.6776088952005389,0.27726931581136566
286,A,2024-10-13,21.1,36,0.7160231456543463,0.418674941721758
287,A,2024-10-14,15.8,59,0.29763594986131886,0.21634601709480944
288,A,2024-10-15,16.4,69,0.50101773916946,0.24603072027638745
289,A,2024-10-16,29.1,34,0.17961609034377202,0.806903187525035
290,A,2024-10-17,27.0,75,0.49933877303925817,0.8979487293806975
291,A,2024-10-18,28.7,70,0.28804443673169644,0.8075726535946506
292,A,2024-10-19,11.3,35,0.025349862402335242,0.4118456363955291
293,A,2024-10-20,32.5,35,0.3445000716567346,0.3360155412710284
294,A,2024-10-21,9.0,86,0.28780124099188026,0.41936553619904443
295,A,2024-10-22,18.8,82,0.7351339842956535,0.07258130298886659
296,A,2024-10-23,25.1,66,0.19510151378357954,0.1504288331744102
297,A,2024-10-24,25.6,45,0.03653153329626155,0.5342025508018293
298,A,2024-10-25,9.4,81,0.4071571333884235,0.09357405020900904
299,A,2024-10-26,26.8,80,0.21014492359314105,0.08486862156860224
300,A,2024-10-27,33.2,81,0.7542159187579226,0.5264424450772281
301,A,2024-10-28,34.8,59,0.5334168822215838,0.4114758836433097
302,A,2024-10-29,9.1,62,0.1932045139139077,0.21940231304635613
303,A,2024-10-30,5.3,75,0.48945230395289274,0.5217321134148084
304,A,2024-10-31,14.8,55,0.8821262579564519,0.46751732616271324
305,A,2024-11-01,27.0,85,0.15811133048942128,0.787286834278749
306,A,2024-11-02,17.4,59,0.7094904811504567,0.25621967910481497
307,A,2024-11-03,26.8,82,0.2595614799111321,0.8349468121570883
308,A,2024-11-04,29.7,45,0.4400197775804795,0.3099876835595526
309,A,2024-11-05,23.4,86,0.5081818230971502,0.5659991830170717
310,A,2024-11-06,11.0,32,0.42273360070770805,0.4566101530787158
311,A,2024-11-07,32.2,77,0.17800521334738262,0.6610992516417289
312,A,2024-11-08,29.0,40,0.08882939989286287,0.14867851330503548
313,A,2024-11-09,14.1,66,0.45931801126654487,0.42479504348702735
314,A,2024-11-10,13.8,69,0.4055464253330416,0.3674605008878991
315,A,2024-11-11,21.6,81,0.06729176736684883,0.5872383352520719
316,A,2024-11-12,11.8,37,0.6083748325371366,0.09144736967706282
317,A,2024-11-13,15.3,38,0.6682683274720627,0.41060203092563374
318,A,2024-11-14,20.0,54,0.8521944687413552,0.10071091365449558
319,A,2024-11-15,7.6,55,0.12827283099870265,0.761741345834761
320,A,2024-11-16,26.2,80,0.014771714333239854,0.3346848659334992
321,A,2024-11-17,5.2,57,0.8772326785846044,0.5450561943737867
322,A,2024-11-18,21.4,32,0.42428039536242484,0.08672586448815388
323,A,2024-11-19,23.8,35,0.07574331668521543,0.8678905729717119
324,A,2024-11-20,25.7,71,0.7744318877588858,0.5824032241557767
325,A,2024-11-21,17.0,74,0.21397864039308545,0.5614696033846135
326,A,2024-11-22,25.7,64,0.8053548280630923,0.1963927706260912
327,A,2024-11-23,29.6,66,0.3069414024681635,0.7322694165686874
328,A,2024-11-24,24.8,62,0.8275610282779698,0.38647709036569683
329,A,2024-11-25,8.7,58,0.27031621648439025,0.7286128234596156
330,A,2024-11-26,7.1,58,0.604666965156762,0.25488144715246136
331,A,2024-11-27,29.0,67,0.16067216980818327,0.028803038843382915
332,A,2024-11-28,9.6,50,0.08336920867558813,0.2156527902382143
333,A,2024-11-29,23.8,70,0.09841725683483843,0.895657736412236
334,A,2024-11-30,15.1,48,0.02876151467287791,0.03490796299746013
335,A,2024-12-01,29.5,38,0.20324655971042843,0.1390265680902611
336,A,2024-12-02,12.3,65,0.027604448124943722,0.025986586625317647
337,A,2024-12-03,31.3,87,0.18253991685789653,0.23056755580487862
338,A,2024-12-04,10.7,68,0.8718997912806526,0.08834174535214791
339,A,2024-12-05,8.5,58,0.846845014440483,0.39091146314608405
340,A,2024-12-06,14.9,66,0.42617427135295716,0.08824856294036075
341,A,2024-12-07,30.1,39,0.8896536565036172,0.8257914922624632
342,A,2024-12-08,32.8,33,0.4267557910990239,0.6276760118833302
343,A,2024-12-09,13.9,72,0.2567783312364553,0.013599130253653804
344,A,2024-12-10,34.7,65,0.6451141425893168,0.5810020532859081
345,A,2024-12-11,25.2,48,0.40789888014071074,0.5911554593317803
346,A,2024-12-12,8.6,77,0.5812252789340784,0.8347447422854274
347,A,2024-12-13,15.0,76,0.2777287539858501,0.711344840965668
348,A,2024-12-14,11.9,65,0.04968050351914707,0.8118796436326551
349,A,2024-12-15,9.9,90,0.12459806394323046,0.08551641583169269
350,A,2024-12-16,29.3,83,0.2106626209977766,0.49326142764560915
351,A,2024-12-17,30.0,32,0.22775467900060611,0.4360971572006597
352,A,2024-12-18,21.9,54,0.12663896212401962,0.3395861704546223
353,A,2024-12-19,18.5,89,0.27832542468352334,0.0035055181825602495
354,A,2024-12-20,17.7,55,0.3005719548742449,0.32544150443950975
355,A,2024-12-21,14.2,68,0.5510755031882907,0.8838969799568975
356,A,2024-12-22,12.1,46,0.46261049666364185,0.5795956689136972
357,A,2024-12-23,16.0,78,0.01034263694661073,0.14632207631814007
358,A,2024-12-24,8.1,68,0.33699555450083224,0.8351051997220624
359,A,2024-12-25,8.7,54,0.07206188262475521,0.8687480723479764
360,A,2024-12-26,10.6,82,0.4261460762650825,0.2577175463312567
361,A,2024-12-27,24.8,89,0.8090335101863299,0.07973814409664029
362,A,2024-12-28,11.1,65,0.7783549749754026,0.6019079784147376
363,A,2024-12-29,9.4,48,0.5227718618921362,0.8170428325014522
364,A,2024-12-30,18.2,86,0.623670079693144,0.6440309486780218
365,A,2024-12-31,31.4,78,0.8390394871705389,0.00760945853339292
366,A,2025-01-01,25.2,65,0.48416119003993197,0.7651297623607595
367,A,2025-01-02,21.2,68,0.24332678096632776,0.11374506469755305
368,A,2025-01-03,13.4,54,0.5086230401653522,0.02604729854225122
369,A,2025-01-04,29.1,46,0.5002923398268448,0.5175489628905302
370,A,2025-01-05,26.4,80,0.11752331168012846,0.5617828733560927
371,A,2025-01-06,25.5,47,0.05809685166307506,0.3911870870432865
372,A,2025-01-07,13.4,55,0.6540202046570565,0.7405326262532957
373,A,2025-01-08,25.4,47,0.05017549751652005,0.8155369580054136
374,A,2025-01-09,13.9,77,0.8366911961841185,0.07368386347437923
375,A,2025-01-10,17.5,42,0.35069682420804266,0.4871951191587948
376,A,2025-01-11,22.0,38,0.1268234769774642,0.17635369537826753
377,A,2025-01-12,21.1,62,0.5739643582656141,0.1997667941769039
378,A,2025-01-13,8.1,31,0.35429455725553627,0.048233523587389956
379,A,2025-01-14,17.0,31,0.7391750613862932,0.1284009278639622
380,A,2025-01-15,19.9,52,0.8662546036315715,0.6717651715011765
381,A,2025-01-16,23.7,71,0.8572041720895296,0.5644435377468067
382,A,2025-01-17,6.0,82,0.030147241397621448,0.11459635652449976
383,A,2025-01-18,7.5,41,0.5502627525806684,0.526940175138608
384,A,2025-01-19,9.7,60,0.886886239463298,0.020086467385976383
385,A,2025-01-20,22.8,35,0.6368258240376927,0.8039698136113633
386,A,2025-01-21,16.7,42,0.09149092765663341,0.4563100335242814
387,A,2025-01-22,18.4,61,0.10690682897154095,0.454844798403536
388,A,2025-01-23,8.4,53,0.41665897302589355,0.5154755789727583
389,A,2025-01-24,25.8,39,0.5415048569632676,0.09650950517952742
390,A,2025-01-25,7.3,45,0.361638576901492,0.4473553054989471
391,A,2025-01-26,27.1,90,0.31618111024351037,0.13778262472826494
392,A,2025-01-27,13.5,72,0.26901893029909985,0.6045106796338114
393,A,2025-01-28,7.5,45,0.3859697805325317,0.14044425151127263
394,A,2025-01-29,18.9,87,0.07221279859373916,0.44380623302784755
395,A,2025-01-30,31.5,87,0.8918866156603328,0.6708607682594296
396,A,2025-01-31,34.8,88,0.35616597468952654,0.39350164325616555
397,A,2025-02-01,26.0,49,0.8215968887077723,0.16236599896960055
398,A,2025-02-02,10.7,53,0.2887674462354158,0.08120920013272086
399,A,2025-02-03,24.4,49,0.8293841442424251,0.5960332360995979
400,A,2025-02-04,11.2,89,0.37915197473576295,0.6556722929569742
401,A,2025-02-05,21.9,65,0.4481993937165961,0.5832514339199865
402,A,2025-02-06,28.8,61,0.5309601352588961,0.8338991211154906
403,A,2025-02-07,33.6,56,0.02666283573108132,0.6914994767582315
404,A,2025-02-08,6.5,85,0.5098684978029625,0.29939494974441205
405,A,2025-02-09,10.9,42,0.3896140083631241,0.8596198093391719
406,A,2025-02-10,12.6,43,0.33603920431665985,0.32584701007069755
407,A,2025-02-11,24.4,34,0.34070901825766303,0.844769081372011
408,A,2025-02-12,17.5,86,0.16628702734109804,0.4672836607549797
409,A,2025-02-13,18.4,50,0.8740519373911212,0.17063143924034446
410,A,2025-02-14,23.0,66,0.35573866355682476,0.5467210399996506
411,A,2025-02-15,17.4,36,0.2246602863090813,0.5639324621939493
412,A,2025-02-16,19.8,89,0.17294204545318223,0.49136745666544074
413,A,2025-02-17,12.7,51,0.8366332344793778,0.5715553293932915
414,A,2025-02-18,17.7,48,0.8481756159892626,0.244513318049015
415,A,2025-02-19,13.3,54,0.2062962278809541,0.07711833949348562
416,A,2025-02-20,34.9,55,0.4346428757478674,0.8422679575103509
417,A,2025-02-21,16.2,89,0.36429817942621395,0.3412876038070507
418,A,2025-02-22,5.1,44,0.6597043929519388,0.4586402016087094
419,A,2025-02-23,27.3,39,0.6589919081742229,0.411412082864946
420,A,2025-02-24,33.7,35,0.49055555651901944,0.5434771841301559
421,A,2025-02-25,11.9,32,0.2487460650067667,0.784907509857508
422,A,2025-02-26,30.3,42,0.591590444390842,0.4304179200596549
423,A,2025-02-27,18.2,58,0.026049171157010442,0.29046033354962814
424,A,2025-02-28,17.7,86,0.09499338909600975,0.13820633042735794
425,A,2025-03-01,11.2,90,0.8235563928168654,0.3131012907940606
426,A,2025-03-02,19.4,37,0.541311888117942,0.12586391795719537
427,A,2025-03-03,11.6,89,0.7617147905379233,0.6212582734675127
428,A,2025-03-04,6.6,82,0.35741176492579313,0.6543934564246953
429,A,2025-03-05,34.2,82,0.7368982510864096,0.7516190635077505
430,A,2025-03-06,21.8,85,0.5846336031072944,0.09917558934464656
431,A,2025-03-07,16.6,67,0.25681071586966986,0.15300724930021375
432,A,2025-03-08,10.8,84,0.556237316955254,0.6608329972322392
433,A,2025-03-09,33.2,41,0.23094212579345466,0.691655567793638
434,A,2025-03-10,25.1,67,0.8292133785256618,0.6635652954977308
435,A,2025-03-11,11.9,45,0.486973256885806,0.8750635057715233
436,A,2025-03-12,6.3,72,0.5098288432584431,0.23145060652078006
437,A,2025-03-13,22.0,36,0.1898039161444648,0.22214877235360928
438,A,2025-03-14,32.7,73,0.6688953077210477,0.15192113537353877
439,A,2025-03-15,23.7,89,0.2977846276675438,0.11914343616542906
440,A,2025-03-16,19.5,45,0.26568491242119024,0.08984328970539049
441,A,2025-03-17,12.9,78,0.054371152905454946,0.13284600406062902
442,A,2025-03-18,22.4,67,0.8672991453896668,0.14452571017813082
443,A,2025-03-19,25.0,89,0.23956857933264872,0.5144380789372047
444,A,2025-03-20,8.2,71,0.3253038826243841,0.014310804279885778
445,A,2025-03-21,10.0,36,0.1913583334851481,0.1170875692594801
446,A,2025-03-22,23.9,77,0.4911493790145731,0.39063063970968975
447,A,2025-03-23,14.9,59,0.7673884830694288,0.004179748756196701
448,A,2025-03-24,19.5,30,0.15409772449711243,0.2800981583588608
449,A,2025-03-25,12.0,70,0.09693057646777037,0.7187164469483025
450,A,2025-03-26,6.9,44,0.8797627601335053,0.15047277053311006
451,A,2025-03-27,28.2,84,0.27769884778817905,0.32011794429139206
452,A,2025-03-28,23.5,33,0.07424759360384779,0.2432874343953796
453,A,2025-03-29,7.2,72,0.8958784190099293,0.4498756224318758
454,A,2025-03-30,8.2,62,0.6379010163447294,0.2135370466554914
455,A,2025-03-31,25.6,45,0.009036653715459659,0.2581821316920641
456,A,2025-04-01,31.3,32,0.12277902477823209,0.07543648477323486
457,A,2025-04-02,10.4,78,0.7572102944767294,0.15614890350710853
458,A,2025-04-03,8.1,81,0.6671288246587157,0.04159373585961154
459,A,2025-04-04,14.5,51,0.43736500691303315,0.5672014413700323
460,A,2025-04-05,29.7,50,0.22596166237327023,0.15213182646287757
461,A,2025-04-06,28.4,39,0.518046392552906,0.806007760525981
462,A,2025-04-07,5.7,81,0.12131881425205633,0.1409552686415009
463,A,2025-04-08,25.3,74,0.23240536471750933,0.7159382025940643
464,A,2025-04-09,10.0,65,0.5643752243425296,0.2638091780830756
465,A,2025-04-10,23.0,69,0.8910323950732962,0.8602222294042666
466,A,2025-04-11,23.6,54,0.49657619619556315,0.2749395275030357
467,A,2025-04-12,32.1,50,0.803965743700568,0.40920848156984363
468,A,2025-04-13,33.0,74,0.3625019366280424,0.7126398250092257
469,A,2025-04-14,23.4,48,0.0676605090162376,0.5663364344758555
470,A,2025-04-15,10.0,65,0.7722033908698462,0.08370722677110405
471,A,2025-04-16,26.4,80,0.6241672356488641,0.17173725706177867
472,A,2025-04-17,16.9,73,0.1033600866847736,0.2291372387818332
473,A,2025-04-18,7.1,87,0.6863071741775431,0.5529868154574883
474,A,2025-04-19,32.1,48,0.37862223369518605,0.09520052656493415
475,A,2025-04-20,10.8,90,0.5825610192544171,0.6793200758971867
476,A,2025-04-21,9.5,83,0.4777463469984278,0.6520189620780135
477,A,2025-04-22,15.4,69,0.6679383884287592,0.09269036832605336
478,A,2025-04-23,15.0,56,0.6928122279902152,0.24103232732894006
479,A,2025-04-24,5.8,89,0.7943172428524415,0.3211688602693553
480,A,2025-04-25,14.9,58,0.5564940940091001,0.14511958377984335
481,A,2025-04-26,11.5,33,0.4831025463936583,0.24727884343750794
482,A,2025-04-27,12.3,86,0.6711173737104797,0.878533232669836
483,A,2025-04-28,18.1,35,0.040419306962504564,0.5122783936616488
484,A,2025-04-29,21.5,36,0.2438329543301704,0.7311545440166777
485,A,2025-04-30,8.5,76,0.7456995421352735,0.023392179984168378
486,A,2025-05-01,14.1,70,0.2481125309354332,0.4098602389766467
487,A,2025-05-02,16.8,57,0.7099638505012549,0.6859508667638438
488,A,2025-05-03,31.2,44,0.6048886699044715,0.20052086080045783
489,A,2025-05-04,10.9,83,0.8852518173897386,0.464505379985436
490,A,2025-05-05,11.3,39,0.35083336228814926,0.34620773510262953
491,A,2025-05-06,31.5,52,0.8711252353881536,0.6453645775078922
492,A,2025-05-07,28.0,62,0.04416407535634587,0.18036413186257258
493,A,2025-05-08,19.3,60,0.4351246926074991,0.19054803813420737
494,A,2025-05-09,17.6,51,0.06277635435084218,0.8417296613427948
495,A,2025-05-10,18.0,89,0.6627053419145765,0.5484676465457751
496,A,2025-05-11,29.5,80,0.5783273347107909,0.034445758651744596
497,A,2025-05-12,31.0,68,0.15777385489343268,0.464916837614503
498,A,2025-05-13,26.5,63,0.7977355679654304,0.5452465657898022
499,A,2025-05-14,20.4,86,0.4314148857865809,0.7241869021021705
500,A,2025-05-15,24.5,47,0.6195801768121677,0.42613573695164497
501,A,2025-05-16,21.3,53,0.6267530411223723,0.0685606690275941
502,A,2025-05-17,9.5,68,0.5209604534054738,0.7202236528480291
503,A,2025-05-18,27.5,82,0.5003975013998149,0.11448914273872841
504,A,2025-05-19,20.7,60,0.767330327112228,0.03278714920969045
505,A,2025-05-20,15.2,90,0.21179302539146197,0.20403903938741483
506,A,2025-05-21,15.6,58,0.08113446042770171,0.6942178903057004
507,A,2025-05-22,32.8,35,0.5336493842920144,0.8191242379468695
508,A,2025-05-23,34.0,71,0.6831016050300354,0.09160033142447524
509,A,2025-05-24,16.7,33,0.39727196753739286,0.46429463694192874
510,A,2025-05-25,10.2,72,0.8964826440537937,0.572170365930924
511,A,2025-05-26,27.2,82,0.6379535004315376,0.37907733009520805
512,A,2025-05-27,20.3,72,0.8996621318646479,0.1375338652910833
513,A,2025-05-28,13.5,37,0.1057899364741041,0.6261519646543816
514,A,2025-05-29,10.2,82,0.10303538118588339,0.7566412734780905
515,A,2025-05-30,15.8,71,0.17516782443939558,0.5552166685073465
516,A,2025-05-31,13.7,87,0.5258708979156111,0.10733634923812672
517,A,2025-06-01,22.5,75,0.24095189911852005,0.15990789219812315
518,A,2025-06-02,23.1,44,0.24005635591281632,0.37003239420080875
519,A,2025-06-03,32.1,54,0.5651007009329133,0.45679193935636875
520,A,2025-06-04,27.3,72,0.6651257610045314,0.05066008845067975
521,A,2025-06-05,17.9,70,0.17687893439918817,0.15540153658333028
522,A,2025-06-06,28.9,79,0.6815125308200819,0.2433280424755109
523,A,2025-06-07,34.0,82,0.5591462628703061,0.08493342969256083
524,A,2025-06-08,33.3,88,0.25104893536704337,0.38900069085759525
525,A,2025-06-09,27.7,72,0.5156488288066563,0.012521398661088031
526,A,2025-06-10,28.5,69,0.7206188404162797,0.3190875279041948
527,A,2025-06-11,22.5,59,0.8437941867861997,0.16108581379542797
528,A,2025-06-12,28.9,59,0.12608903538917138,0.5671187546923989
529,A,2025-06-13,18.0,77,0.1780171420413906,0.2952105674167529
530,A,2025-06-14,13.5,83,0.030872916473585685,0.35193946558493805
531,A,2025-06-15,23.5,40,0.26284427845595015,0.8771978871538344
532,A,2025-06-16,21.1,56,0.44511379649710164,0.18393802798700074
533,A,2025-06-17,23.8,69,0.4547048352880651,0.24346760337011059
534,A,2025-06-18,24.5,55,0.2396294971603785,0.7951227444129472
535,A,2025-06-19,12.1,78,0.1814952513284,0.614070780149381
536,A,2025-06-20,16.3,86,0.04454267033247707,0.3632905490722804
537,A,2025-06-21,31.3,60,0.5652505509146224,0.006083772989364307
538,A,2025-06-22,27.1,55,0.8074724682450553,0.33788021119006584
539,A,2025-06-23,22.3,61,0.5343174453261126,0.7254838552524174
540,A,2025-06-24,16.0,32,0.7395745292352033,0.6418144638703855
541,A,2025-06-25,33.8,63,0.18809632893909387,0.48571951311522527
542,A,2025-06-26,27.1,84,0.836701262772837,0.7228735282378369
543,A,2025-06-27,14.1,56,0.7488724179341474,0.19827668438855003
544,A,2025-06-28,20.1,49,0.43381269040590426,0.737723254697471
545,A,2025-06-29,5.2,89,0.21937674732624332,0.3552189581386156
546,A,2025-06-30,14.2,71,0.26174956885836104,0.005849705017062105
547,A,2025-07-01,25.7,50,0.44199094434050984,0.737178647927867
548,A,2025-07-02,33.1,78,0.5783326354798669,0.8221712853818951
549,A,2025-07-03,7.8,80,0.20412406607481975,0.0421612501970365
550,A,2025-07-04,12.8,50,0.028781853069487048,0.430794620451693
551,A,2025-07-05,17.9,47,0.4038809472096511,0.11437316456902502
552,A,2025-07-06,20.6,84,0.27671454812304297,0.6518056244456034
553,A,2025-07-07,27.9,51,0.6256417260776631,0.06307251190563146
554,A,2025-07-08,8.6,64,0.2643372802639124,0.7461038864556716
555,A,2025-07-09,9.3,43,0.49914378487458255,0.3653814798472823
556,A,2025-07-10,15.3,66,0.06685914642563272,0.8800703942023894
557,A,2025-07-11,22.6,49,0.3722896601354879,0.7595807443111666
558,A,2025-07-12,7.2,90,0.77536474429146,0.861631101728045
559,A,2025-07-13,28.3,41,0.3776256687966385,0.4418383090507632
560,A,2025-07-14,30.5,48,0.4907725703926759,0.22012741448969292
561,A,2025-07-15,8.7,52,0.727300761138603,0.5182389244266776
562,A,2025-07-16,18.5,45,0.47159505225926207,0.5132955677173566
563,A,2025-07-17,26.2,75,0.5557140406471625,0.24074665640445356
564,A,2025-07-18,22.0,77,0.16839417546803134,0.8733488399314808
565,A,2025-07-19,7.8,33,0.5440533758966136,0.25431388607433064
566,A,2025-07-20,11.2,81,0.2536790593207893,0.337279338033003
567,A,2025-07-21,31.7,35,0.07978471712695909,0.8989797238300364
568,A,2025-07-22,6.4,60,0.07677384471661663,0.8782194114628512
569,A,2025-07-23,32.1,42,0.5894715062642617,0.1787632948515052
570,A,2025-07-24,14.4,63,0.16741936235042681,0.2675245436071077
571,A,2025-07-25,7.4,62,0.7809413767096858,0.8516105209079872
572,A,2025-07-26,12.3,37,0.03511511220378478,0.13320754533481663
573,A,2025-07-27,26.8,83,0.6046748064267983,0.47670093092684773
574,A,2025-07-28,11.2,45,0.47941943529657643,0.296458962293841
575,A,2025-07-29,7.5,76,0.650936185845114,0.17818881013546878
576,A,2025-07-30,32.8,47,0.1295894476808452,0.7677817279775901
577,A,2025-07-31,28.9,36,0.40387151060278914,0.607823784571544
578,A,2025-08-01,24.2,80,0.037369849984236585,0.45839656182933597
579,A,2025-08-02,20.0,82,0.031002658324411157,0.07679335143675846
580,A,2025-08-03,33.4,43,0.38907061282442557,0.1268579083767789
581,A,2025-08-04,6.4,32,0.7718040424280483,0.2682939237455854
582,A,2025-08-05,23.9,55,0.7058809817829657,0.6573582938017891
583,A,2025-08-06,23.6,47,0.07468070554174443,0.4470772724381223
584,A,2025-08-07,26.7,32,0.17109417017422832,0.10696349882355392
585,A,2025-08-08,6.1,74,0.5798821703376763,0.16671020036660608
586,A,2025-08-09,17.2,48,0.800720650587965,0.6496998483817586
587,A,2025-08-10,8.2,43,0.5735708014153668,0.06744943960597273
588,A,2025-08-11,11.9,31,0.21004279108785665,0.6017235380342439
589,A,2025-08-12,22.4,32,0.5359999595227143,0.37365875234688
590,A,2025-08-13,15.0,73,0.27321919869596195,0.648196748855847
591,A,2025-08-14,7.7,39,0.0017693951578192893,0.007855871731313862
592,A,2025-08-15,33.7,78,0.11826159051670597,0.3152558233929481
593,A,2025-08-16,32.5,47,0.8639173611273205,0.8925221142138604
594,A,2025-08-17,13.2,33,0.04250523583799321,0.6163791239016095
595,A,2025-08-18,20.2,62,0.8899006432271401,0.1292285184321677
596,A,2025-08-19,6.1,39,0.5055278285209798,0.4542619055233501
597,A,2025-08-20,12.8,68,0.44715769971717884,0.5919993165981504
598,A,2025-08-21,29.9,37,0.27844694780056145,0.8638858760983797
599,A,2025-08-22,6.0,45,0.7387317801059499,0.4651313362280779
600,A,2025-08-23,32.9,79,0.8183145093189286,0.16081983526973342
601,A,2025-08-24,29.1,75,0.308059671385895,0.2578453660173631
602,A,2025-08-25,28.4,59,0.15056876712874934,0.605081739920777
603,A,2025-08-26,33.9,38,0.290977072347671,0.6413364750572091
604,A,2025-08-27,24.0,43,0.7707326840447555,0.4716785287813752
605,A,2025-08-28,11.1,66,0.4790162357716061,0.8360906315808405
606,A,2025-08-29,13.1,77,0.7145128912328014,0.20284717776629346
607,A,2025-08-30,30.2,37,0.025355234451762725,0.4890187427348603
608,A,2025-08-31,20.6,32,0.17627123443084042,0.17262223338732027
609,A,2025-09-01,17.4,44,0.397394815954792,0.013680091068408881
610,A,2025-09-02,11.7,37,0.40086620924577265,0.09237828403508822
611,A,2025-09-03,13.8,63,0.19647034160638147,0.005122488190268482
612,A,2025-09-04,24.3,55,0.6385556734129058,0.073172150555928
613,A,2025-09-05,15.5,57,0.7120782988025249,0.5262701085860164
614,A,2025-09-06,19.1,42,0.3957983065776134,0.31972560069457656
615,A,2025-09-07,25.4,61,0.7043866267578458,0.8485836554811418
616,A,2025-09-08,21.9,40,0.15087469850667806,0.11212806212424194
617,A,2025-09-09,26.4,45,0.6109321176873544,0.03262794628115496
618,A,2025-09-10,7.6,30,0.5170669096036629,0.8932357426559412
619,A,2025-09-11,13.7,48,0.20875279552226936,0.4675345630163587
620,A,2025-09-12,26.8,48,0.10797374843026976,0.4958679005132256
621,A,2025-09-13,16.7,53,0.8485257117768528,0.43964005234517983
622,A,2025-09-14,6.5,42,0.3091519577052818,0.37902246175328647
623,A,2025-09-15,33.9,31,0.10491076669970766,0.21971140475990283
624,A,2025-09-16,30.7,46,0.11159365926794797,0.08954752177946229
625,A,2025-09-17,25.1,53,0.8410295150131938,0.4117143020997786
626,A,2025-09-18,20.3,53,0.11875135558242313,0.2794651592980351
627,A,2025-09-19,9.3,43,0.7647711183328055,0.5361579101085651
628,A,2025-09-20,27.1,43,0.5144982285537641,0.6502779289128789
629,A,2025-09-21,15.1,46,0.2776081265932268,0.1470160399701258
630,A,2025-09-22,6.0,57,0.2507702908254216,0.7101805466403109
631,A,2025-09-23,29.3,73,0.11224384742660197,0.8376914320458448
632,A,2025-09-24,26.7,62,0.009361861389996125,0.6425357443690018
633,A,2025-09-25,7.7,79,0.407970433353308,0.22027465989704598
634,A,2025-09-26,14.5,64,0.06851922582737657,0.4375045394399956
635,A,2025-09-27,8.1,81,0.8524929439472395,0.8997617868200282
636,A,2025-09-28,18.9,81,0.825000462929347,0.4061832132295648
637,A,2025-09-29,10.8,90,0.6252369139498701,0.8324478710085386
638,A,2025-09-30,19.1,32,0.4763965401262327,0.09241126633278261
639,A,2025-10-01,26.8,37,0.3737328045710551,0.7956534425475196
640,A,2025-10-02,22.6,79,0.20301748514666035,0.07225736727338274
641,A,2025-10-03,32.1,59,0.688252631950895,0.4958744681215449
642,A,2025-10-04,26.8,80,0.3942648659841338,0.23360741993691353
643,A,2025-10-05,31.0,55,0.8777416465567691,0.20029344357017462
644,A,2025-10-06,29.5,45,0.7428555182363009,0.620711884315633
645,A,2025-10-07,34.5,42,0.21649618421659164,0.8083851949731209
646,A,2025-10-08,29.9,71,0.6045091864010924,0.12279635426979076
647,A,2025-10-09,28.1,64,0.8996706730507826,0.10306884232978693
648,A,2025-10-10,12.7,70,0.4016130002654358,0.8422190080295415
649,A,2025-10-11,34.9,44,0.8155360788091077,0.736738874430622
650,A,2025-10-12,16.7,43,0.09477315296013183,0.1451221913232776
651,A,2025-10-13,25.8,65,0.1651163652022189,0.6538218377101117
652,A,2025-10-14,34.5,60,0.48444082862736937,0.7765436815654541
653,A,2025-10-15,7.8,48,0.7761654184821808,0.7016888669065486
654,A,2025-10-16,15.4,59,0.42608023227841163,0.8097019517613886
655,A,2025-10-17,31.0,33,0.4069910368897771,0.054918508659388576
656,A,2025-10-18,25.0,69,0.8500731951184994,0.6949403644634908
657,A,2025-10-19,31.4,79,0.4703466196877574,0.7058547802498067
658,A,2025-10-20,9.5,38,0.058869432473585365,0.3697472249349761
659,A,2025-10-21,31.3,86,0.3425089395376944,0.4765999403879459
660,A,2025-10-22,23.4,49,0.5645924848065776,0.44398694160810376
661,A,2025-10-23,18.0,50,0.8786145534362739,0.5026285399478898
662,A,2025-10-24,21.8,47,0.7811232406159484,0.5130473368359879
663,A,2025-10-25,8.8,59,0.8854732489909791,0.17114194168706956
664,A,2025-10-26,18.9,64,0.014736379843570707,0.125826235639894
665,A,2025-10-27,25.9,65,0.6080147893473077,0.17245437015335724
666,A,2025-10-28,23.7,71,0.8660045806549463,0.8328673294311053
667,A,2025-10-29,29.3,51,0.7716492006560504,0.08640347660538603
668,A,2025-10-30,29.1,33,0.26628150582452575,0.5544386459253529
669,A,2025-10-31,30.1,86,0.4966915832829369,0.13148572536884243
670,A,2025-11-01,10.1,83,0.26769144261189387,0.604953101323515
671,A,2025-11-02,14.3,89,0.3765391859369615,0.5877609211684789
672,A,2025-11-03,25.3,43,0.198550119794735,0.2916683705783696
673,A,2025-11-04,6.3,59,0.07635250346167106,0.5848335854394416
674,A,2025-11-05,24.4,85,0.8041236815206824,0.49244715816095264
675,A,2025-11-06,27.6,71,0.24014123135297394,0.6056316631627059
676,A,2025-11-07,10.2,89,0.28107644201446297,0.2708302608594159
677,A,2025-11-08,27.0,70,0.27538441637844624,0.6428517590969957
678,A,2025-11-09,13.9,59,0.6574311623532579,0.4758858303965446
679,A,2025-11-10,7.9,56,0.30733845607996746,0.3795002008900376
680,A,2025-11-11,21.0,47,0.4205832614857403,0.009161337436724589
681,A,2025-11-12,24.0,85,0.0575033707783743,0.1123031246411506
682,A,2025-11-13,9.6,74,0.4687632587033077,0.6416630786968821
683,A,2025-11-14,30.2,68,0.5814021126950144,0.7794881174492657
684,A,2025-11-15,9.3,30,0.7002236130785849,0.12369641320081241
685,A,2025-11-16,24.5,37,0.6168210866553561,0.4968935373346772
686,A,2025-11-17,31.8,60,0.7950078839932114,0.16101291794552097
687,A,2025-11-18,12.8,75,0.8280580997053008,0.40208140193681474
688,A,2025-11-19,29.6,65,0.8964660910378165,0.41457347635616065
689,A,2025-11-20,9.5,77,0.52638450953401,0.19307630725358643
690,A,2025-11-21,21.9,71,0.34881093082437614,0.22655621710795726
691,A,2025-11-22,9.1,53,0.073628184992603,0.22008202712110891
692,A,2025-11-23,6.1,31,0.758153664273155,0.17148229532510909
693,A,2025-11-24,10.0,42,0.1934167800003605,0.005851084123727229
694,A,2025-11-25,7.1,63,0.02564955669636937,0.1879235619673126
695,A,2025-11-26,13.5,80,0.8647182341040165,0.37397977394850757
696,A,2025-11-27,7.0,44,0.18176978456925436,0.7440089411313661
697,A,2025-11-28,9.0,46,0.7424454982238963,0.5829841880809244
698,A,2025-11-29,8.1,61,0.2978375216169362,0.4732120271454289
699,A,2025-11-30,11.9,52,0.7663897763907425,0.3512676790479168
700,A,2025-12-01,27.2,51,0.10680627881755689,0.7402781492107922
701,A,2025-12-02,24.4,69,0.6009237359925984,0.8776906739317798
702,A,2025-12-03,19.4,45,0.38800287457642335,0.41244932694453307
703,A,2025-12-04,29.5,78,0.09498480383889112,0.4773251743221654
704,A,2025-12-05,26.0,73,0.7971167814356233,0.3216853845884028
705,A,2025-12-06,28.2,33,0.7074946736036357,0.32962021174081385
706,A,2025-12-07,22.5,90,0.12570466223234297,0.816037100212155
707,A,2025-12-08,8.9,30,0.6861418047182963,0.5836381279253522
708,A,2025-12-09,20.2,36,0.18808240590631226,0.1973169520449058
709,A,2025-12-10,34.6,76,0.7124779592216852,0.6751572316219404
710,A,2025-12-11,26.4,43,0.5779757990365324,0.32800286538272294
711,A,2025-12-12,30.6,77,0.772432718278385,0.5545818719003239
712,A,2025-12-13,10.9,38,0.6870041260817421,0.3326735455953412
713,A,2025-12-14,23.7,80,0.3275085201297098,0.06660353437520643
714,A,2025-12-15,5.6,36,0.8684014758743248,0.03596054641733027
715,A,2025-12-16,24.0,89,0.8099909866708884,0.7802042815686409
716,A,2025-12-17,12.5,72,0.8742227688721479,0.8778734070972599
717,A,2025-12-18,12.5,44,0.4605150338507936,0.34613976733697527
718,A,2025-12-19,23.7,46,0.5982222006460391,0.7900324579077823
719,A,2025-12-20,16.7,84,0.004540956809854224,0.25985847508998633
720,A,2025-12-21,30.2,79,0.3725097714199549,0.8164901050350337
721,A,2025-12-22,24.5,49,0.7975974943648724,0.8251887159095749
722,A,2025-12-23,8.6,41,0.5346108821980826,0.7608884734284631
723,A,2025-12-24,34.7,42,0.06797387014734159,0.8861937319597141
724,A,2025-12-25,17.4,48,0.3941916208940635,0.3304282240161309
725,A,2025-12-26,6.8,67,0.12358373878670079,0.2742587086171917
726,A,2025-12-27,19.9,86,0.6044762904659042,0.7025045737026572
727,A,2025-12-28,6.2,74,0.7711459875601778,0.889312266347199
728,A,2025-12-29,21.2,43,0.8871655545487421,0.737172795804747
729,A,2025-12-30,13.4,76,0.4732843805138277,0.13776988159493583
730,A,2025-12-31,32.5,64,0.05649631086544214,0.34332515393958335
731,B,2024-01-01,22.5,32,0.7762460760802222,0.2671412285142877
732,B,2024-01-02,15.0,47,0.2260626938275957,0.4983631426065091
733,B,2024-01-03,25.0,74,0.7517012724569558,0.3481902273072685
734,B,2024-01-04,22.9,82,0.12176003912682737,0.19058000765847385
735,B,2024-01-05,28.2,31,0.6500163547952138,0.3125537028821887
736,B,2024-01-06,13.9,52,0.7091411147769003,0.6751555231913651
737,B,2024-01-07,30.9,42,0.5379698092672994,0.28358264359514346
738,B,2024-01-08,32.2,30,0.5118669450127679,0.7059097278338735
739,B,2024-01-09,6.7,42,0.3264355132647329,0.8768993004554735
740,B,2024-01-10,34.0,71,0.3345849503264903,0.4623254461406602
741,B,2024-01-11,17.9,80,0.874574699626482,0.7895144273816506
742,B,2024-01-12,8.8,32,0.6834164286886658,0.14431013472518997
743,B,2024-01-13,6.3,52,0.5498387416173149,0.33067967830895234
744,B,2024-01-14,31.3,58,0.6706033630629898,0.6454039376551001
745,B,2024-01-15,26.2,55,0.5694602675762565,0.8755923892443052
746,B,2024-01-16,13.3,40,0.22908317163028108,0.05142819150918915
747,B,2024-01-17,32.1,56,0.20084423009561772,0.4077318962773
748,B,2024-01-18,21.0,40,0.7591517810382845,0.418641026566609
749,B,2024-01-19,15.4,35,0.5000430697805918,0.28001320887968834
750,B,2024-01-20,32.6,58,0.3502898125787519,0.534217642471591
751,B,2024-01-21,20.9,71,0.34791868248684377,0.5075348841329566
752,B,2024-01-22,9.9,78,0.5922289777839024,0.7053171353103501
753,B,2024-01-23,32.7,40,0.8339639603484424,0.283152289686217
754,B,2024-01-24,11.7,58,0.059209582742858965,0.8888133978227565
755,B,2024-01-25,18.5,76,0.6137110544733713,0.7039233456357558
756,B,2024-01-26,20.3,73,0.12432843389158063,0.11355147729508269
757,B,2024-01-27,17.9,75,0.18152052329971868,0.23325092983930257
758,B,2024-01-28,6.2,45,0.12067355621777333,0.8169991440745289
759,B,2024-01-29,14.9,54,0.5907450642398832,0.09627415928301407
760,B,2024-01-30,27.3,62,0.5052766620527213,0.6534303107336555
761,B,2024-01-31,18.6,41,0.8247256681426437,0.27007055631980387
762,B,2024-02-01,18.9,61,0.649959024394709,0.23310502984515663
763,B,2024-02-02,6.3,83,0.6762069400205435,0.33592562450351665
764,B,2024-02-03,10.8,83,0.32411089277092525,0.8680082101173193
765,B,2024-02-04,25.9,79,0.27703569195434996,0.21934222419239002
766,B,2024-02-05,33.4,85,0.790962303282946,0.407128215520682
767,B,2024-02-06,25.8,52,0.43174220326269486,0.7969319223678871
768,B,2024-02-07,20.3,52,0.4069716651897134,0.35667204374913974
769,B,2024-02-08,34.1,37,0.39270259155280424,0.5508502260515766
770,B,2024-02-09,32.5,30,0.6451382965727085,0.5002555829589791
771,B,2024-02-10,30.7,89,0.7470473901651331,0.793056042573094
772,B,2024-02-11,18.5,30,0.5223427269022087,0.28149465206531865
773,B,2024-02-12,22.3,64,0.31894834388087834,0.09806973405544078
774,B,2024-02-13,10.8,47,0.26173158760048254,0.40969432382813215
775,B,2024-02-14,27.0,82,0.7702951154760103,0.8844092485301727
776,B,2024-02-15,33.5,76,0.1775613863668555,0.7207816752495124
777,B,2024-02-16,18.6,77,0.517832819709018,0.4615393191657858
778,B,2024-02-17,22.6,85,0.6248916336521831,0.3711720594454423
779,B,2024-02-18,14.0,40,0.7165612334666897,0.7944294919984366
780,B,2024-02-19,5.4,80,0.07940839065429114,0.23876413494980517
781,B,2024-02-20,6.5,57,0.8793082791103473,0.010702120943485438
782,B,2024-02-21,20.5,85,0.37504334553457436,0.5781778274716353
783,B,2024-02-22,12.0,38,0.6549887544094248,0.8384349836179124
784,B,2024-02-23,29.6,75,0.6772412559049604,0.4273886850463389
785,B,2024-02-24,27.3,49,0.6305637269103415,0.8445585857204448
786,B,2024-02-25,32.2,37,0.8941162173308657,0.39942850947501474
787,B,2024-02-26,17.9,59,0.02510661316356849,0.7752164720740794
788,B,2024-02-27,13.7,72,0.35317547913265845,0.18972837820330204
789,B,2024-02-28,28.0,85,0.49615450575613884,0.22469807423284252
790,B,2024-02-29,32.9,78,0.8102224869334872,0.8734726416580285
791,B,2024-03-01,22.7,90,0.7099598450158612,0.6361236217502537
792,B,2024-03-02,20.1,63,0.10222727487407829,0.8455847436468058
793,B,2024-03-03,27.9,81,0.781252318530863,0.49117505614411483
794,B,2024-03-04,28.5,48,0.046457911424080144,0.06695366506804576
795,B,2024-03-05,22.8,64,0.8325447974495408,0.4063484124385985
796,B,2024-03-06,28.4,87,0.6140251319359337,0.061134617823225254
797,B,2024-03-07,11.4,72,0.5911390980606996,0.46294021910689354
798,B,2024-03-08,16.2,48,0.11480190706808348,0.21476209200022875
799,B,2024-03-09,17.2,45,0.8695147110340218,0.696082741649495
800,B,2024-03-10,22.8,42,0.16332053637593036,0.7252269265318609
801,B,2024-03-11,21.5,87,0.23422285080019098,0.8200234703167292
802,B,2024-03-12,9.7,76,0.40814369283236557,0.7538501553299053
803,B,2024-03-13,24.2,85,0.3962444765434454,0.4751838841897194
804,B,2024-03-14,30.4,48,0.010857745687928643,0.8553786665271944
805,B,2024-03-15,16.0,46,0.42881767008723876,0.4689561636030157
806,B,2024-03-16,21.5,31,0.5378151376806722,0.8981397099650575
807,B,2024-03-17,18.9,31,0.3129301943382413,0.7702773529322622
808,B,2024-03-18,28.6,51,0.5953166087974096,0.7658573088723909
809,B,2024-03-19,8.3,81,0.84641461722549,0.8111623758609269
810,B,2024-03-20,20.8,80,0.8291686225484601,0.42670810465028336
811,B,2024-03-21,33.0,79,0.2363731567382818,0.8617757241472127
812,B,2024-03-22,13.1,73,0.4740728092123218,0.6413654446714688
813,B,2024-03-23,13.0,44,0.6991883982291401,0.41196135996957606
814,B,2024-03-24,19.0,62,0.5986631980715466,0.055155846022712465
815,B,2024-03-25,13.9,64,0.7141235105021837,0.07976316737798632
816,B,2024-03-26,30.5,56,0.7268785402648275,0.8814818679487642
817,B,2024-03-27,10.6,44,0.4321600640114787,0.6761428819010147
818,B,2024-03-28,33.1,66,0.5770552459406034,0.3666865639495742
819,B,2024-03-29,14.3,60,0.10522685378127034,0.4643010797998216
820,B,2024-03-30,16.3,74,0.1290428199502969,0.25390085514854016
821,B,2024-03-31,18.0,43,0.17379240318731826,0.191667902975183
822,B,2024-04-01,34.3,66,0.8298853056357308,0.44695907387034256
823,B,2024-04-02,8.9,56,0.17642084102679068,0.022748347375789253
824,B,2024-04-03,18.6,71,0.7055457350462017,0.19047019128631223
825,B,2024-04-04,23.2,38,0.11695508228959783,0.28787353263332927
826,B,2024-04-05,30.1,81,0.36489314090780633,0.10910473269262834
827,B,2024-04-06,5.2,32,0.5318786588378182,0.504184115986171
828,B,2024-04-07,26.8,36,0.0075437465108241,0.45456051595826147
829,B,2024-04-08,11.2,90,0.8307016226159798,0.31916685715250853
830,B,2024-04-09,10.6,35,0.5337139730474755,0.46403802544990236
831,B,2024-04-10,5.1,43,0.30041118627399355,0.0738572785421701
832,B,2024-04-11,32.5,73,0.11529974764127215,0.07944119440238365
833,B,2024-04-12,15.2,49,0.5236906011585306,0.8868439942904316
834,B,2024-04-13,16.4,72,0.7793334842798734,0.2484232802715983
835,B,2024-04-14,21.8,64,0.26565600920587523,0.8102812202956452
836,B,2024-04-15,22.7,79,0.8512538347845847,0.7333854282286805
837,B,2024-04-16,12.4,77,0.29715047640361203,0.3816373814562617
838,B,2024-04-17,31.8,61,0.19937050042609733,0.8723391399506704
839,B,2024-04-18,32.9,37,0.2656814257097877,0.4533237596904304
840,B,2024-04-19,30.8,39,0.21534790828921788,0.5946627108726793
841,B,2024-04-20,20.3,90,0.31162931732062665,0.8569499680101479
842,B,2024-04-21,19.5,56,0.375811415093392,0.5779618502145498
843,B,2024-04-22,29.1,72,0.3369733859422821,0.1502474725587848
844,B,2024-04-23,28.3,72,0.257435747871785,0.374411027287014
845,B,2024-04-24,13.4,34,0.35396200199384875,0.6757673356194737
846,B,2024-04-25,15.7,62,0.31680507765863536,0.17385118728709958
847,B,2024-04-26,18.4,84,0.7359013571756637,0.8498982544466784
848,B,2024-04-27,33.5,70,0.19404711959457158,0.8177876411660054
849,B,2024-04-28,28.2,87,0.2954856196226629,0.8856572825682968
850,B,2024-04-29,20.1,70,0.35652191721938853,0.21632019107034264
851,B,2024-04-30,20.2,32,0.08336414792281949,0.13866427772081996
852,B,2024-05-01,29.7,78,0.1811005679015206,0.5198796757135213
853,B,2024-05-02,29.3,43,0.23032583413998384,0.10969945620460522
854,B,2024-05-03,15.8,87,0.16789223793551034,0.7751062184061115
855,B,2024-05-04,17.5,31,0.12716139531636741,0.4065334354327465
856,B,2024-05-05,10.4,85,0.4669916263392589,0.7729030115367025
857,B,2024-05-06,22.0,65,0.01942345315357618,0.5672132215179113
858,B,2024-05-07,33.5,59,0.6434982969054398,0.34957454443986097
859,B,2024-05-08,8.6,84,0.8762310067534669,0.8101033303508552
860,B,2024-05-09,15.6,88,0.5320899320725997,0.015018120926848566
861,B,2024-05-10,5.1,57,0.8598305114092021,0.6851714828045969
862,B,2024-05-11,28.2,34,0.7709717559638045,0.20302018909413336
863,B,2024-05-12,21.5,76,0.7680257653199735,0.09702868190098383
864,B,2024-05-13,31.0,44,0.2853749838500459,0.4008554598861403
865,B,2024-05-14,24.4,65,0.8397121212683755,0.7430115038325134
866,B,2024-05-15,30.7,59,0.2878432474158829,0.49133569311916264
867,B,2024-05-16,30.8,54,0.2567968186216483,0.049031696683928774
868,B,2024-05-17,16.5,76,0.15963925994923994,0.5723001559817438
869,B,2024-05-18,27.0,67,0.11115209741518543,0.31389735281090436
870,B,2024-05-19,32.1,66,0.346463557808414,0.8678712098452889
871,B,2024-05-20,26.0,43,0.7498619308436574,0.057166046079259555
872,B,2024-05-21,11.8,43,0.6484318807957115,0.18344298869725395
873,B,2024-05-22,33.2,80,0.5430937720728032,0.6801892442646812
874,B,2024-05-23,5.8,53,0.6029893134250044,0.384077226531234
875,B,2024-05-24,18.5,79,0.11138353442737518,0.2773893188439474
876,B,2024-05-25,10.6,78,0.08625332232919893,0.342328624164186
877,B,2024-05-26,14.8,31,0.6930705841495175,0.3587347503889033
878,B,2024-05-27,22.5,73,0.7892902782775154,0.6347537362011431
879,B,2024-05-28,16.2,88,0.5652268146193629,0.6735841319779211
880,B,2024-05-29,10.6,56,0.24172701108002842,0.45885581717574747
881,B,2024-05-30,5.1,45,0.15934412044958768,0.7017310609274372
882,B,2024-05-31,33.1,68,0.3117885456764152,0.7927460188939605
883,B,2024-06-01,13.4,43,0.843420839708942,0.30282422143472854
884,B,2024-06-02,12.2,52,0.2575335834061866,0.09561974437719037
885,B,2024-06-03,30.6,42,0.4710126126091486,0.032469921619764835
886,B,2024-06-04,28.8,64,0.3025707615067054,0.203140076267146
887,B,2024-06-05,10.1,34,0.6933412230699608,0.4166094052909492
888,B,2024-06-06,7.7,85,0.6030350051589117,0.25925608704766995
889,B,2024-06-07,21.5,52,0.22618771020944378,0.5950440963336423
890,B,2024-06-08,24.5,81,0.011392191292141855,0.7136629118696864
891,B,2024-06-09,32.7,42,0.44087271530065203,0.7836631215093222
892,B,2024-06-10,23.2,44,0.8156580867021437,0.8003532792669839
893,B,2024-06-11,21.8,83,0.8207689171348146,0.06487735788705001
894,B,2024-06-12,14.4,81,0.8575293453727184,0.638091686774427
895,B,2024-06-13,34.5,36,0.6808031710327966,0.38919771298217487
896,B,2024-06-14,28.9,79,0.27710420253718127,0.19578849513505617
897,B,2024-06-15,31.4,65,0.47960745399549815,0.5390372280076638
898,B,2024-06-16,29.7,68,0.10247584650853309,0.030841074068153004
899,B,2024-06-17,11.4,71,0.8049831949328092,0.6074648625565532
900,B,2024-06-18,28.9,83,0.5852519123622725,0.5051925945859123
901,B,2024-06-19,27.0,48,0.1921872799839552,0.8839201656962531
902,B,2024-06-20,18.2,36,0.28175249095452387,0.47561872011079104
903,B,2024-06-21,31.3,38,0.009167520545566982,0.44385543424409896
904,B,2024-06-22,32.0,37,0.2780072746295151,0.16766343881035586
905,B,2024-06-23,9.5,90,0.2998507814556549,0.05226224781573997
906,B,2024-06-24,12.7,34,0.6605102663021182,0.8246168343751267
907,B,2024-06-25,21.8,70,0.6862233748562518,0.2819357562280109
908,B,2024-06-26,11.1,39,0.8410931746455037,0.13572887414215964
909,B,2024-06-27,15.9,49,0.6229345154112275,0.7746839658459043
910,B,2024-06-28,11.2,63,0.6681005224622291,0.5509078335089183
911,B,2024-06-29,26.8,64,0.6601128607215832,0.893880744262559
912,B,2024-06-30,11.8,71,0.343430201838039,0.8090035265299509
913,B,2024-07-01,28.9,62,0.1808669745035591,0.7553071406043571
914,B,2024-07-02,28.5,48,0.48047581216923496,0.18532206372276896
915,B,2024-07-03,22.9,73,0.8336818419414795,0.5911380218079004
916,B,2024-07-04,19.5,72,0.7145613604936908,0.22242830997326363
917,B,2024-07-05,11.3,52,0.22891144100488214,0.08916726688045873
918,B,2024-07-06,12.7,66,0.3787894086707924,0.5628766369386099
919,B,2024-07-07,28.6,30,0.7509750080316994,0.055976328999736195
920,B,2024-07-08,33.7,67,0.5220090675227552,0.21968401392953726
921,B,2024-07-09,24.7,46,0.18027545799498332,0.32314203627984567
922,B,2024-07-10,28.9,90,0.8535439689999796,0.42470319127188483
923,B,2024-07-11,33.5,57,0.026844190795211293,0.2824780934050945
924,B,2024-07-12,11.8,58,0.7628566497799011,0.4294963494759918
925,B,2024-07-13,13.7,65,0.2727393130987769,0.07434862327642133
926,B,2024-07-14,29.4,44,0.5137993073264684,0.6563575674937463
927,B,2024-07-15,5.4,52,0.3806885251195286,0.8396008621016674
928,B,2024-07-16,24.2,88,0.3997393833799852,0.15014146215278198
929,B,2024-07-17,22.7,65,0.4142334316694738,0.42194165713892534
930,B,2024-07-18,26.2,67,0.26152986257098054,0.6909181218470225
931,B,2024-07-19,34.3,88,0.07367175997376303,0.2980478782804661
932,B,2024-07-20,26.7,72,0.7785941275965462,0.509625463108389
933,B,2024-07-21,24.2,63,0.8874870801821535,0.4092080019754477
934,B,2024-07-22,15.9,85,0.7144214523304752,0.5457750390446243
935,B,2024-07-23,17.3,59,0.663945547673542,0.8362764835763006
936,B,2024-07-24,24.3,34,0.30740708638148445,0.6759947018506163
937,B,2024-07-25,7.6,60,0.8802618866068315,0.6293345971038221
938,B,2024-07-26,8.9,70,0.8650178238191835,0.8696095651863909
939,B,2024-07-27,15.3,79,0.7456660524998889,0.8350144154824731
940,B,2024-07-28,13.1,67,0.11297015637689138,0.5918969031155701
941,B,2024-07-29,14.4,67,0.7843532459645262,0.11010013771359674
942,B,2024-07-30,32.5,90,0.4771597608987361,0.008040713654980554
943,B,2024-07-31,34.2,41,0.7962961621410943,0.852504291591647
944,B,2024-08-01,26.9,65,0.010951416651375313,0.6353983610950172
945,B,2024-08-02,11.6,76,0.4666704625502631,0.4635321800656647
946,B,2024-08-03,31.0,48,0.7458456821753368,0.2216519071606377
947,B,2024-08-04,28.4,87,0.7845425143736247,0.602744834576828
948,B,2024-08-05,20.4,82,0.3492485501266135,0.8279367532186725
949,B,2024-08-06,23.5,35,0.03583100845717844,0.810556743831143
950,B,2024-08-07,18.0,82,0.8446789146382868,0.40912573242588957
951,B,2024-08-08,27.1,61,0.7847528182629719,0.2140165634536115
952,B,2024-08-09,11.9,77,0.36920552269775514,0.4342252923563754
953,B,2024-08-10,12.7,50,0.8671362904492215,0.1863995566865743
954,B,2024-08-11,12.2,88,0.5860223135046874,0.0859587672084539
955,B,2024-08-12,11.3,77,0.7392338805411237,0.15303521795489242
956,B,2024-08-13,5.2,32,0.15436267296053774,0.8172001643456082
957,B,2024-08-14,13.7,86,0.8521595937418174,0.3757298483093881
958,B,2024-08-15,8.2,45,0.3004759958348636,0.7099012880305795
959,B,2024-08-16,24.8,58,0.1638313575755634,0.3010190919016906
960,B,2024-08-17,22.2,37,0.0850285501564467,0.8584186476760257
961,B,2024-08-18,12.8,69,0.17343734000528171,0.3690852056977931
962,B,2024-08-19,26.3,55,0.16344031076854648,0.4295719736880182
963,B,2024-08-20,25.5,89,0.20129200037675857,0.18702943374271805
964,B,2024-08-21,22.4,72,0.4060824422108381,0.8947895880878616
965,B,2024-08-22,27.0,74,0.3897952532596463,0.23184738947170358
966,B,2024-08-23,33.8,51,0.40100294501048184,0.39848892240422135
967,B,2024-08-24,15.7,60,0.6272745091347955,0.5762911873663561
968,B,2024-08-25,14.6,90,0.13487218187282576,0.6362198949673099
969,B,2024-08-26,23.6,46,0.21806510648145896,0.5255913512840041
970,B,2024-08-27,13.7,42,0.21413349873460968,0.34898935805273124
971,B,2024-08-28,19.9,38,0.0015473369808503307,0.20313175487599044
972,B,2024-08-29,16.2,50,0.06561546896364401,0.8212580305509453
973,B,2024-08-30,19.4,59,0.8969492758261413,0.6653117257805179
974,B,2024-08-31,16.5,63,0.06724987851286839,0.03532362078868752
975,B,2024-09-01,17.0,78,0.6705062458503428,0.7036525079042343
976,B,2024-09-02,33.4,84,0.6068042991178966,0.4664882517148557
977,B,2024-09-03,16.4,88,0.6143818322646423,0.5386424863274603
978,B,2024-09-04,15.0,33,0.16466197352000378,0.04059196409660593
979,B,2024-09-05,34.9,61,0.8925673634547783,0.2787702171901979
980,B,2024-09-06,6.6,46,0.6426659281797804,0.08313068435851159
981,B,2024-09-07,19.5,62,0.15626422163600057,0.6377956855573345
982,B,2024-09-08,22.7,68,0.2147764929577964,0.13024964841826756
983,B,2024-09-09,22.9,31,0.47184142957303976,0.6827090070004419
984,B,2024-09-10,26.8,77,0.43322834051038456,0.04690952862137226
985,B,2024-09-11,13.2,35,0.7408629440886932,0.6536258685828628
986,B,2024-09-12,25.0,44,0.8237585959888853,0.4581226341969195
987,B,2024-09-13,26.9,78,0.2899429107441321,0.8197584431468988
988,B,2024-09-14,10.6,48,0.22615017418886796,0.33622054558631437
989,B,2024-09-15,6.8,37,0.23853602746491515,0.013590612022558561
990,B,2024-09-16,24.8,32,0.32065088420939686,0.7614173321197579
991,B,2024-09-17,27.7,59,0.2813427845298218,0.006682006233786709
992,B,2024-09-18,25.0,42,0.23754044425931609,0.2597660815265902
993,B,2024-09-19,22.1,41,0.08056687173825323,0.05527280270286276
994,B,2024-09-20,34.2,76,0.8081114796856522,0.768174165750392
995,B,2024-09-21,21.6,86,0.021405374824356792,0.1886321162254441
996,B,2024-09-22,28.9,32,0.6034997877368456,0.21006833409202624
997,B,2024-09-23,8.5,47,0.6793154786970549,0.792062602362906
998,B,2024-09-24,31.5,51,0.670208572356329,0.6592490918093229
999,B,2024-09-25,8.0,53,0.7636210146713174,0.332013561824874
1000,B,2024-09-26,15.4,31,0.11583638580224227,0.5873112491469226
1001,B,2024-09-27,34.6,53,0.39522857616977947,0.7416915359850681
1002,B,2024-09-28,34.0,53,0.37141672721874597,0.26183111714403556
1003,B,2024-09-29,11.9,81,0.28157112341307955,0.18247661082600924
1004,B,2024-09-30,5.1,73,0.7223049419656675,0.31673818129287307
1005,B,2024-10-01,28.6,80,0.004328142874044726,0.6491748908575395
1006,B,2024-10-02,32.4,67,0.4539166326941947,0.5884121831831675
1007,B,2024-10-03,15.4,64,0.16611383656246625,0.4427987584418706
1008,B,2024-10-04,21.2,46,0.1539616342066251,0.5147581078791575
1009,B,2024-10-05,6.1,57,0.3662450269189719,0.6015276094895091
1010,B,2024-10-06,19.3,35,0.5831922937230843,0.2423915700379365
1011,B,2024-10-07,21.5,63,0.5957418646749757,0.7628235376341278
1012,B,2024-10-08,33.9,62,0.08129972905762434,0.08628417122935224
1013,B,2024-10-09,20.2,47,0.8732407623173858,0.6895489405639209
1014,B,2024-10-10,22.4,50,0.5087504607320276,0.045613206703447144
1015,B,2024-10-11,30.7,78,0.8855493268972024,0.452325419606657
1016,B,2024-10-12,30.5,89,0.6580527524028736,0.275970300162711
1017,B,2024-10-13,24.5,33,0.6579368717609868,0.3921281264983554
1018,B,2024-10-14,11.2,45,0.6538789422951405,0.8765382142251804
1019,B,2024-10-15,22.9,65,0.21354969716524635,0.6553764122637303
1020,B,2024-10-16,14.3,77,0.8626343107363935,0.4577190011407738
1021,B,2024-10-17,12.5,72,0.5568829368719549,0.2690778621156123
1022,B,2024-10-18,27.3,87,0.7789327623103969,0.13642244442209542
1023,B,2024-10-19,24.6,51,0.5683715810955459,0.04605117591097789
1024,B,2024-10-20,20.4,52,0.4452859423307939,0.8854074107514167
1025,B,2024-10-21,19.5,85,0.616462840706312,0.38014052257970143
1026,B,2024-10-22,29.9,67,0.647928069161681,0.09619408304879577
1027,B,2024-10-23,15.5,56,0.22258835773553645,0.5214379981444209
1028,B,2024-10-24,21.4,57,0.05942441978773361,0.7547240068553375
1029,B,2024-10-25,12.9,73,0.20802117435882186,0.3371715877143162
1030,B,2024-10-26,24.0,38,0.31237642758944306,0.7229019029872736
1031,B,2024-10-27,20.1,55,0.5255303880979175,0.16497424344799302
1032,B,2024-10-28,13.5,66,0.8322941354483507,0.6666874739358433
1033,B,2024-10-29,12.2,88,0.4091949422966623,0.050251021036870236
1034,B,2024-10-30,6.5,69,0.718692574777528,0.618741577344263
1035,B,2024-10-31,18.2,53,0.17656685939065792,0.303868460750635
1036,B,2024-11-01,11.1,79,0.17958469789161902,0.10423715393465192
1037,B,2024-11-02,20.1,64,0.18948880344560612,0.6811392491038671
1038,B,2024-11-03,10.0,30,0.6777586262979214,0.06428955676257388
1039,B,2024-11-04,21.6,37,0.42549738848904234,0.6280725844731987
1040,B,2024-11-05,15.4,44,0.31356993549389534,0.6331101584877364
1041,B,2024-11-06,16.5,70,0.4068441871832911,0.6409952533880386
1042,B,2024-11-07,26.1,49,0.2877582352804355,0.8132849811484459
1043,B,2024-11-08,26.2,36,0.6821453651401632,0.7272363116338721
1044,B,2024-11-09,6.7,51,0.005543092057002479,0.6467645126637479
1045,B,2024-11-10,34.0,44,0.5113150382653929,0.1525403035297521
1046,B,2024-11-11,32.0,56,0.6860048731469341,0.30956419953320863
1047,B,2024-11-12,14.8,52,0.04646212615578589,0.4755081919068664
1048,B,2024-11-13,24.4,54,0.12167225651328524,0.7586229657829983
1049,B,2024-11-14,5.7,77,0.24452641327765193,0.46553585742338016
1050,B,2024-11-15,6.7,73,0.4294546552872946,0.6828317340687696
1051,B,2024-11-16,19.0,90,0.37874085375010746,0.13112469344629227
1052,B,2024-11-17,22.8,31,0.4723601027507744,0.858534274821704
1053,B,2024-11-18,5.1,62,0.503354664501244,0.4563716006927402
1054,B,2024-11-19,25.4,42,0.003209844203758232,0.6135774635801263
1055,B,2024-11-20,8.1,86,0.15968625665535,0.2762459065285932
1056,B,2024-11-21,27.7,69,0.4909925645839574,0.46006947675708737
1057,B,2024-11-22,13.9,41,0.601220330492764,0.5744934953179927
1058,B,2024-11-23,21.7,77,0.32968519018661274,0.004083153483872948
1059,B,2024-11-24,18.5,89,0.895927768646113,0.8265386596290761
1060,B,2024-11-25,19.1,46,0.1948623240013849,0.783865406642334
1061,B,2024-11-26,9.7,70,0.8189089963141755,0.22255984843952015
1062,B,2024-11-27,23.4,74,0.4808307097023701,0.1569590255192377
1063,B,2024-11-28,15.7,75,0.4875732594765808,0.23041099709320156
1064,B,2024-11-29,5.7,66,0.6970206949335979,0.5204643344046899
1065,B,2024-11-30,9.9,60,0.37806024932175336,0.7170196772194305
1066,B,2024-12-01,24.8,54,0.454289912134549,0.44949920420241324
1067,B,2024-12-02,14.0,32,0.41144713609201955,0.2420890752435471
1068,B,2024-12-03,13.1,55,0.054873463402196065,0.8259572570076369
1069,B,2024-12-04,5.6,89,0.159602201458176,0.2877506903692437
1070,B,2024-12-05,11.9,66,0.25178657957810335,0.8471665772803607
1071,B,2024-12-06,30.2,72,0.19037146107355588,0.647212650162891
1072,B,2024-12-07,7.1,59,0.5710971213048164,0.3045693541043151
1073,B,2024-12-08,22.9,43,0.027968822084545725,0.30047663894644927
1074,B,2024-12-09,12.1,78,0.46262834470543557,0.7874722491260528
1075,B,2024-12-10,34.1,85,0.8500384401430349,0.6490374306576727
1076,B,2024-12-11,17.1,51,0.533832855917667,0.7600117110737055
1077,B,2024-12-12,28.9,34,0.061755049078061945,0.4358765323521266
1078,B,2024-12-13,5.7,67,0.09275624848840239,0.009383967188756913
1079,B,2024-12-14,28.3,84,0.14729725304872066,0.8364659211870626
1080,B,2024-12-15,24.3,44,0.2298980595676922,0.2025937369240888
1081,B,2024-12-16,5.8,89,0.7026666231042634,0.6093583969058695
1082,B,2024-12-17,17.6,82,0.3658456271211757,0.6446276678575565
1083,B,2024-12-18,8.6,89,0.5141028583784184,0.016174372611380158
1084,B,2024-12-19,10.0,81,0.46192975434376016,0.6694488100757092
1085,B,2024-12-20,33.8,90,0.8185111434444702,0.8896468155426762
1086,B,2024-12-21,16.0,59,0.6015277746317834,0.05265829726611601
1087,B,2024-12-22,22.8,63,0.7801328856915527,0.7370081999653183
1088,B,2024-12-23,31.7,56,0.3443830187787095,0.2408024609913856
1089,B,2024-12-24,21.5,51,0.3913018391906294,0.617103510045813
1090,B,2024-12-25,15.1,43,0.625615457758364,0.35151228066207907
1091,B,2024-12-26,11.5,64,0.8152747883614045,0.6136252109112897
1092,B,2024-12-27,6.2,63,0.37912723139594245,0.25696890197087136
1093,B,2024-12-28,32.0,90,0.5803843721483742,0.6552135951762016
1094,B,2024-12-29,22.3,60,0.4921609497554191,0.48301588845741267
1095,B,2024-12-30,15.2,75,0.39006333392110065,0.7690479968893604
1096,B,2024-12-31,27.1,44,0.7800867793645119,0.3828619732404402
1097,B,2025-01-01,13.2,37,0.6589419951789937,0.7819604168175376
1098,B,2025-01-02,20.1,76,0.3294144933116195,0.45803811350057844
1099,B,2025-01-03,7.8,52,0.38954669218364657,0.48755932779873024
1100,B,2025-01-04,18.3,77,0.033055875837906465,0.5786887658752902
1101,B,2025-01-05,34.0,79,0.4031232527400045,0.2586303760487099
1102,B,2025-01-06,6.7,47,0.5719351156765015,0.3914389608195908
1103,B,2025-01-07,29.3,49,0.8018708252998892,0.43857689884709056
1104,B,2025-01-08,9.7,82,0.40362095275944243,0.5105426400876361
1105,B,2025-01-09,10.4,80,0.188136596788791,0.2756257415020362
1106,B,2025-01-10,27.5,63,0.018682522391960447,0.6013262574837163
1107,B,2025-01-11,26.8,35,0.13437959455158982,0.7202400599062277
1108,B,2025-01-12,15.0,90,0.5785687395202445,0.7220823070518416
1109,B,2025-01-13,29.9,76,0.8884218364859637,0.8808529006419139
1110,B,2025-01-14,12.9,45,0.2637394235983242,0.23073877877206309
1111,B,2025-01-15,18.1,54,0.2454924209995382,0.303043867223798
1112,B,2025-01-16,26.1,64,0.6338560848405459,0.193132821886847
1113,B,2025-01-17,26.1,86,0.12983925181644346,0.06317043386606719
1114,B,2025-01-18,27.9,72,0.1763920708026878,0.13318486035948193
1115,B,2025-01-19,7.1,58,0.308055638977515,0.431290959300152
1116,B,2025-01-20,15.0,77,0.2977592664389073,0.4905361123957267
1117,B,2025-01-21,18.9,84,0.4854126908371766,0.0395969026122385
1118,B,2025-01-22,26.8,43,0.47866952736559637,0.4744414825315084
1119,B,2025-01-23,11.6,41,0.7399737912614911,0.8587064753610382
1120,B,2025-01-24,19.3,74,0.3274003183735325,0.13689854201236892
1121,B,2025-01-25,7.0,65,0.8426348368231394,0.517109675566207
1122,B,2025-01-26,22.7,33,0.5974798917182003,0.7905662984219497
1123,B,2025-01-27,30.4,40,0.40378958737481,0.7939933826238814
1124,B,2025-01-28,17.5,41,0.1826414815125163,0.36549519792944324
1125,B,2025-01-29,20.1,75,0.05984017746776403,0.36297753725050425
1126,B,2025-01-30,13.1,31,0.8891581271397385,0.4717801761625567
1127,B,2025-01-31,25.6,38,0.603266813644468,0.11039284404528071
1128,B,2025-02-01,27.9,45,0.5074961242146657,0.8893296379044984
1129,B,2025-02-02,19.7,90,0.5756540128868434,0.29583605636385435
1130,B,2025-02-03,24.6,31,0.6168748302791502,0.1564480355228601
1131,B,2025-02-04,13.2,47,0.6833918413516016,0.4988051469183755
1132,B,2025-02-05,12.0,37,0.15418288863400292,0.3519536134137642
1133,B,2025-02-06,18.5,65,0.27769565139232366,0.846638893692423
1134,B,2025-02-07,24.0,62,0.23258978121309667,0.6492541594584255
1135,B,2025-02-08,31.2,35,0.8343718809675756,0.2799016966786012
1136,B,2025-02-09,13.3,88,0.45521161260806386,0.5012590410043298
1137,B,2025-02-10,29.4,58,0.5154690079353408,0.22877123196351465
1138,B,2025-02-11,29.1,89,0.22457655476451224,0.1263534725159893
1139,B,2025-02-12,23.8,79,0.021318073697210227,0.09478397766913696
1140,B,2025-02-13,30.8,54,0.8199232668568868,0.01743397671307701
1141,B,2025-02-14,6.5,88,0.7286825897506733,0.6902577610656828
1142,B,2025-02-15,34.0,37,0.8559476496806083,0.685277067303668
1143,B,2025-02-16,13.9,87,0.600153239611757,0.0771269326781175
1144,B,2025-02-17,18.5,68,0.1368910657004527,0.4798003088297683
1145,B,2025-02-18,24.7,83,0.662153005398994,0.6043573490879516
1146,B,2025-02-19,6.2,69,0.35877200226700623,0.4799463074690765
1147,B,2025-02-20,8.1,58,0.31675270825802526,0.8745723799871468
1148,B,2025-02-21,26.4,86,0.4015970473172323,0.2356434087868981
1149,B,2025-02-22,21.6,54,0.4316948081336422,0.8991314287947816
1150,B,2025-02-23,15.3,58,0.14582986776693083,0.7413306608193402
1151,B,2025-02-24,23.3,69,0.05386620398598151,0.24356792117553133
1152,B,2025-02-25,10.2,35,0.26700303239987316,0.09766687812034672
1153,B,2025-02-26,5.7,50,0.6896288314538851,0.6662544375357953
1154,B,2025-02-27,8.1,67,0.0543677026595549,0.4376836838767698
1155,B,2025-02-28,22.4,41,0.21670887446147363,0.5618988667818248
1156,B,2025-03-01,30.2,33,0.42156358825090906,0.22105052935381422
1157,B,2025-03-02,25.2,57,0.38062728334462875,0.008665954926362702
1158,B,2025-03-03,6.1,35,0.4692687860897517,0.6998868380242265
1159,B,2025-03-04,33.4,69,0.034989499128151406,0.850182745863544
1160,B,2025-03-05,17.4,75,0.20294236627752318,0.4336054704126753
1161,B,2025-03-06,31.8,35,0.8178084231551974,0.3969631124672524
1162,B,2025-03-07,11.5,45,0.04476248640000734,0.4007308582606534
1163,B,2025-03-08,22.9,87,0.7290240467141051,0.5271151913123187
1164,B,2025-03-09,26.7,74,0.2358295020707452,0.451090378240263
1165,B,2025-03-10,29.4,54,0.1410684912637469,0.582184611856079
1166,B,2025-03-11,26.4,76,0.5037326540739402,0.2541764520027796
1167,B,2025-03-12,23.7,84,0.01470949718712386,0.09266097281347795
1168,B,2025-03-13,33.2,56,0.6390998465004619,0.634845309626903
1169,B,2025-03-14,25.6,90,0.10799609258311398,0.5057307282702687
1170,B,2025-03-15,23.6,71,0.4304421962059143,0.23161338703157075
1171,B,2025-03-16,19.3,78,0.422639228731637,0.7806124752716537
1172,B,2025-03-17,29.6,52,0.5960842625638403,0.7715379051296418
1173,B,2025-03-18,20.7,45,0.6627094263576497,0.7722044149529946
1174,B,2025-03-19,28.9,39,0.32432878240893853,0.360158842592763
1175,B,2025-03-20,10.5,45,0.13168154567707863,0.6767949099663688
1176,B,2025-03-21,14.5,49,0.319362829296133,0.32297406747329466
1177,B,2025-03-22,34.6,32,0.884596338920871,0.6743748671611627
1178,B,2025-03-23,27.1,78,0.8615628144415683,0.5936908706210555
1179,B,2025-03-24,31.1,47,0.8556482148719251,0.6464574771883134
1180,B,2025-03-25,28.6,62,0.1976904475138181,0.623279455510691
1181,B,2025-03-26,18.4,32,0.7832027170159751,0.26021985518858004
1182,B,2025-03-27,29.4,58,0.4876814841012627,0.15247634633321877
1183,B,2025-03-28,12.2,77,0.6598555303715752,0.4688021022759956
1184,B,2025-03-29,25.2,74,0.3605865942703517,0.47635863616594576
1185,B,2025-03-30,10.8,71,0.3192425512104922,0.21589734807354297
1186,B,2025-03-31,34.7,70,0.1330682800207754,0.11472129505072944
1187,B,2025-04-01,31.7,61,0.5799852300556494,0.561753894410146
1188,B,2025-04-02,14.4,60,0.7626368180894683,0.5905967388379944
1189,B,2025-04-03,34.8,50,0.49579741056566734,0.3730800124842958
1190,B,2025-04-04,23.4,51,0.43063834097184794,0.5439242271141158
1191,B,2025-04-05,12.3,55,0.8262548160110095,0.4163074531699299
1192,B,2025-04-06,23.8,76,0.5967893299711281,0.3220882497158919
1193,B,2025-04-07,24.3,89,0.20401571302724072,0.5145761650100495
1194,B,2025-04-08,9.4,71,0.848225043551338,0.7127774250992263
1195,B,2025-04-09,9.3,34,0.8600864833325725,0.715413064107935
1196,B,2025-04-10,17.6,80,0.7963828015608148,0.03214774926825788
1197,B,2025-04-11,32.3,35,0.0368069297422025,0.29332616062443445
1198,B,2025-04-12,32.8,33,0.31901594853849596,0.7626302830606424
1199,B,2025-04-13,28.5,74,0.5430897093422596,0.16697180319174068
1200,B,2025-04-14,12.5,77,0.49217935680663794,0.7538897018242363
1201,B,2025-04-15,5.2,52,0.7521878138250735,0.31707737494533583
1202,B,2025-04-16,31.5,88,0.13499508927580986,0.3533576881097
1203,B,2025-04-17,22.7,35,0.6436165956073849,0.5297901642397049
1204,B,2025-04-18,8.0,72,0.49136916867307145,0.03814613553068409
1205,B,2025-04-19,10.2,89,0.3191109501200384,0.06911010928480199
1206,B,2025-04-20,14.8,39,0.3785669373290561,0.826762779688852
1207,B,2025-04-21,33.8,31,0.7660514747676707,0.6524448857556232
1208,B,2025-04-22,6.5,77,0.6424848719625854,0.775545899579211
1209,B,2025-04-23,19.9,85,0.16347145520858686,0.26948082699481174
1210,B,2025-04-24,33.3,32,0.08820741432147725,0.09530947329978867
1211,B,2025-04-25,11.1,32,0.6452539590517857,0.7908704504329851
1212,B,2025-04-26,13.5,51,0.1673205137641819,0.8613110955829258
1213,B,2025-04-27,27.2,78,0.34456497143191067,0.08029350700412713
1214,B,2025-04-28,13.1,39,0.14484281896112358,0.28107099785497947
1215,B,2025-04-29,11.2,76,0.5872975533588366,0.051097859617813685
1216,B,2025-04-30,34.7,51,0.7284077223362008,0.07388916347676794
1217,B,2025-05-01,5.1,53,0.784448464148853,0.707789584159622
1218,B,2025-05-02,11.9,56,0.28905639098987834,0.6036717312349013
1219,B,2025-05-03,16.0,50,0.8456285406440143,0.6379414040409949
1220,B,2025-05-04,19.9,45,0.880219679485534,0.19179032695459375
1221,B,2025-05-05,13.1,67,0.3459838255282752,0.333540506005019
1222,B,2025-05-06,5.0,75,0.18985663600193714,0.17578176186427882
1223,B,2025-05-07,26.4,55,0.3283087707682689,0.08140692020627528
1224,B,2025-05-08,17.0,31,0.34070898311625647,0.2276738811243483
1225,B,2025-05-09,9.3,87,0.7542314997038226,0.6662094131774069
1226,B,2025-05-10,21.9,50,0.1677178768539057,0.28534647308804006
1227,B,2025-05-11,30.0,60,0.3147632308927685,0.47640940601662896
1228,B,2025-05-12,29.3,66,0.8376632331870945,0.530434321662812
1229,B,2025-05-13,8.2,76,0.7325905644685051,0.7284339773149965
1230,B,2025-05-14,11.9,33,0.5223414194121362,0.3681608286301234
1231,B,2025-05-15,25.8,33,0.6747113826588214,0.7802096813314054
1232,B,2025-05-16,20.2,66,0.8856938709979882,0.5798961119801823
1233,B,2025-05-17,32.5,59,0.6593816003514211,0.8184654673411453
1234,B,2025-05-18,33.4,74,0.5961354888619419,0.44683696946693474
1235,B,2025-05-19,32.4,46,0.15790211814615526,0.39966116201732865
1236,B,2025-05-20,24.4,77,0.6204909516389482,0.6431263468338675
1237,B,2025-05-21,5.1,86,0.777787991347054,0.45066325211382496
1238,B,2025-05-22,17.9,61,0.49636592133229923,0.838655199963192
1239,B,2025-05-23,14.0,48,0.16851088018944382,0.12575007033153154
1240,B,2025-05-24,14.3,63,0.3475784195653597,0.20833789982955384
1241,B,2025-05-25,12.4,71,0.415052420685255,0.6035270645343893
1242,B,2025-05-26,27.1,55,0.22323129561380908,0.18373707424108243
1243,B,2025-05-27,34.2,75,0.06098453907601509,0.07922303264833526
1244,B,2025-05-28,10.8,43,0.29298428364000983,0.3492131733927103
1245,B,2025-05-29,14.6,70,0.4899990215650194,0.14858322254715756
1246,B,2025-05-30,13.5,74,0.8470149259129952,0.12458317757229044
1247,B,2025-05-31,9.2,58,0.5479011717049269,0.32040044845072324
1248,B,2025-06-01,19.8,54,0.152350470070943,0.7916982192860705
1249,B,2025-06-02,11.9,46,0.2254975505791989,0.8365380701140288
1250,B,2025-06-03,11.3,86,0.8317291604739773,0.20887796188089078
1251,B,2025-06-04,27.2,40,0.11710779026296537,0.4398698295651038
1252,B,2025-06-05,9.9,78,0.7665357241364177,0.35287042814996683
1253,B,2025-06-06,30.7,32,0.41405216155780844,0.16857662920511235
1254,B,2025-06-07,11.4,37,0.5829565982120664,0.18141571253749186
1255,B,2025-06-08,19.9,52,0.8671724073523558,0.1399076128898627
1256,B,2025-06-09,14.1,90,0.7430591859798605,0.3678046569350017
1257,B,2025-06-10,33.8,54,0.7400470953882703,0.020068792830577397
1258,B,2025-06-11,19.2,41,0.3706989066821569,0.459980152021811
1259,B,2025-06-12,26.3,76,0.2296620766077515,0.6170404416230263
1260,B,2025-06-13,30.5,68,0.8016953305890171,0.7902635243597714
1261,B,2025-06-14,20.4,43,0.24809785278003046,0.1388100194327848
1262,B,2025-06-15,18.5,66,0.582505369444487,0.6026491981005591
1263,B,2025-06-16,32.8,61,0.8904068656620344,0.24521403951866094
1264,B,2025-06-17,14.2,58,0.8957563843107815,0.6559168292242744
1265,B,2025-06-18,26.0,85,0.2186420680763117,0.6944677814383663
1266,B,2025-06-19,31.0,73,0.8174600929960855,0.8502317625463968
1267,B,2025-06-20,27.8,66,0.2976027581913763,0.013862246920317883
1268,B,2025-06-21,31.8,80,0.4161386340630277,0.26216375297221567
1269,B,2025-06-22,18.0,86,0.03499517085092691,0.12482614292107076
1270,B,2025-06-23,28.8,47,0.5070886454130019,0.3079211769214941
1271,B,2025-06-24,13.1,46,0.20818581294969943,0.7428753244104824
1272,B,2025-06-25,33.9,77,0.3234905062638602,0.07185122695273494
1273,B,2025-06-26,11.2,34,0.0957351401681476,0.3170340420006006
1274,B,2025-06-27,12.8,73,0.7305720244983549,0.5128596192267968
1275,B,2025-06-28,33.8,86,0.04781011144160096,0.5542622810170045
1276,B,2025-06-29,23.8,65,0.10194818123310412,0.4572190869769812
1277,B,2025-06-30,18.0,63,0.10966812074737295,0.20799318588710475
1278,B,2025-07-01,21.6,53,0.5308039896335646,0.13147629247236664
1279,B,2025-07-02,7.0,86,0.22524419343448854,0.03591928021242204
1280,B,2025-07-03,6.8,53,0.21044862984654295,0.21547389404274445
1281,B,2025-07-04,17.4,71,0.03512985586866787,0.725589480756187
1282,B,2025-07-05,22.1,44,0.45905286754032965,0.7862937149007678
1283,B,2025-07-06,34.5,81,0.7639827074895262,0.6936108684646883
1284,B,2025-07-07,29.8,54,0.2304469258027314,0.18805396004271568
1285,B,2025-07-08,32.0,45,0.22596946527871592,0.6647392994907217
1286,B,2025-07-09,19.2,86,0.39847246476091897,0.1254631389961569
1287,B,2025-07-10,8.6,86,0.7262926867229728,0.2085079825602182
1288,B,2025-07-11,10.3,76,0.08435781628436956,0.8495065311354913
1289,B,2025-07-12,11.6,37,0.6008724850331648,0.09910982039152524
1290,B,2025-07-13,25.9,61,0.7748134151562976,0.028230632325957745
1291,B,2025-07-14,23.9,63,0.2681336678272319,0.09898490480465853
1292,B,2025-07-15,5.5,65,0.3684969968082526,0.40351966014429314
1293,B,2025-07-16,9.7,78,0.2570939161610847,0.4517479105915198
1294,B,2025-07-17,12.4,65,0.4943220702817373,0.8261669185493616
1295,B,2025-07-18,13.6,36,0.37365037230467635,0.7673180487065173
1296,B,2025-07-19,24.2,46,0.2590899999325269,0.6869942034387555
1297,B,2025-07-20,15.1,70,0.24348268913391993,0.5067800046555396
1298,B,2025-07-21,18.8,58,0.11161926288676143,0.3346133326982429
1299,B,2025-07-22,28.7,37,0.7252880596526947,0.5267544669803899
1300,B,2025-07-23,16.1,69,0.4871206337138305,0.067795844110573
1301,B,2025-07-24,9.3,78,0.390308982795869,0.6517454317996119
1302,B,2025-07-25,22.0,44,0.10439193730858182,0.7543704632023962
1303,B,2025-07-26,7.0,39,0.8557531549787396,0.10575822171141509
1304,B,2025-07-27,19.2,66,0.5464470002035121,0.41448737736035834
1305,B,2025-07-28,7.9,70,0.4180756549878498,0.3965762323770761
1306,B,2025-07-29,12.0,79,0.09131985122116419,0.2885123089753253
1307,B,2025-07-30,13.4,78,0.8359623726394092,0.5554553078813981
1308,B,2025-07-31,15.2,81,0.27961261711656593,0.6335266821319203
1309,B,2025-08-01,11.4,80,0.7048048587884191,0.23333878077156767
1310,B,2025-08-02,29.4,82,0.3931380672968403,0.7291990443264952
1311,B,2025-08-03,21.0,35,0.7750402568286607,0.285299709774539
1312,B,2025-08-04,23.5,38,0.17014465396870807,0.23890539379312653
1313,B,2025-08-05,26.2,52,0.18431600466899137,0.1880511949416624
1314,B,2025-08-06,19.8,80,0.26462924066538285,0.6325503844626603
1315,B,2025-08-07,10.8,38,0.4168410902252018,0.23816500409763736
1316,B,2025-08-08,9.4,58,0.09225001797960504,0.8587774110154757
1317,B,2025-08-09,19.1,69,0.1592872690745657,0.07627161437526761
1318,B,2025-08-10,14.5,32,0.6982590134567026,0.38081696579178603
1319,B,2025-08-11,11.2,45,0.7732297788668819,0.4019147762675097
1320,B,2025-08-12,12.1,31,0.6192250377994826,0.06661103834837472
1321,B,2025-08-13,11.1,71,0.017345573915234076,0.5028705328192947
1322,B,2025-08-14,23.7,30,0.8737751926414319,0.5897258693459809
1323,B,2025-08-15,21.6,36,0.6579842853563316,0.43393079016010366
1324,B,2025-08-16,32.4,64,0.09782529694079146,0.021015003106565174
1325,B,2025-08-17,26.9,71,0.48411045909441247,0.47756217064990303
1326,B,2025-08-18,25.8,63,0.3793710188009044,0.8847550406393104
1327,B,2025-08-19,18.9,46,0.6432009989312605,0.5911139211396547
1328,B,2025-08-20,28.9,90,0.2690882364569752,0.12464664607395412
1329,B,2025-08-21,12.2,84,0.8235423866080529,0.4399689205629803
1330,B,2025-08-22,28.5,54,0.508144854682245,0.031545337465001856
1331,B,2025-08-23,27.1,63,0.43403223483547,0.2447093850379102
1332,B,2025-08-24,24.8,61,0.5750718439470446,0.40748380093288417
1333,B,2025-08-25,18.7,72,0.12062811914475703,0.4814133898034004
1334,B,2025-08-26,14.1,76,0.3384929775171823,0.770652811144851
1335,B,2025-08-27,14.9,36,0.3395756397613349,0.5272097843221415
1336,B,2025-08-28,13.3,35,0.13982734271165273,0.5017637347789728
1337,B,2025-08-29,8.8,88,0.7423028264958946,0.4064389910321886
1338,B,2025-08-30,31.2,81,0.5332909218710123,0.45599842256148865
1339,B,2025-08-31,6.0,82,0.8897995705132646,0.6666049184059376
1340,B,2025-09-01,6.0,61,0.6573441227330782,0.88536026872739
1341,B,2025-09-02,11.5,80,0.45031831607714434,0.8348264151473571
1342,B,2025-09-03,8.7,46,0.010598449816947998,0.7550821369663298
1343,B,2025-09-04,6.0,83,0.09251384788018208,0.3158987956992017
1344,B,2025-09-05,15.5,47,0.4515932665385104,0.4135361097184783
1345,B,2025-09-06,13.0,38,0.7549667385666436,0.2741052810814941
1346,B,2025-09-07,19.8,57,0.38267498564506164,0.728507271872745
1347,B,2025-09-08,34.5,60,0.5666659061511046,0.12534713053821908
1348,B,2025-09-09,33.8,69,0.14471839811134393,0.58590367750506
1349,B,2025-09-10,6.9,85,0.1535465438060984,0.870019506954942
1350,B,2025-09-11,34.6,46,0.1741324975481162,0.6496034353330309
1351,B,2025-09-12,17.9,32,0.2620738378695876,0.0496754932419947
1352,B,2025-09-13,27.1,74,0.5802476795158326,0.454289172990577
1353,B,2025-09-14,23.0,78,0.6643539559282263,0.7625194674558075
1354,B,2025-09-15,23.5,64,0.38904288035664636,0.7978920371114425
1355,B,2025-09-16,8.0,51,0.1533071970507129,0.6905656048065255
1356,B,2025-09-17,20.4,32,0.2260481895934536,0.041732280772538564
1357,B,2025-09-18,7.6,53,0.19928920523226665,0.12490482985735102
1358,B,2025-09-19,12.2,31,0.43322882902380067,0.6906452753263186
1359,B,2025-09-20,34.4,77,0.6771817473945213,0.3875232271436684
1360,B,2025-09-21,30.1,79,0.6983269297140776,0.16586884307582336
1361,B,2025-09-22,9.6,73,0.5642403528299533,0.8056975754735316
1362,B,2025-09-23,14.1,44,0.31278974056407305,0.23295917809070155
1363,B,2025-09-24,33.2,48,0.29791125104386235,0.19534764974472693
1364,B,2025-09-25,29.7,50,0.39556048722807247,0.7524912623296633
1365,B,2025-09-26,7.6,89,0.431322223345768,0.38826411430234814
1366,B,2025-09-27,30.3,52,0.2039767627623132,0.20535170073428669
1367,B,2025-09-28,11.5,83,0.8421618468511183,0.28714054334806227
1368,B,2025-09-29,15.5,86,0.4079702357333057,0.8735025703093042
1369,B,2025-09-30,8.0,43,0.8062751660927565,0.46128654589894125
1370,B,2025-10-01,10.4,77,0.8011311213887946,0.8270913644977902
1371,B,2025-10-02,7.9,41,0.27362020132108694,0.7088499765666049
1372,B,2025-10-03,12.7,43,0.30085374110175994,0.17220046962711347
1373,B,2025-10-04,27.5,50,0.5568458753502182,0.44742296694732664
1374,B,2025-10-05,23.8,33,0.32335675933932334,0.012073879573807626
1375,B,2025-10-06,21.9,48,0.4673989343858369,0.4588070778362643
1376,B,2025-10-07,14.8,33,0.8157103081145067,0.1241973014051886
1377,B,2025-10-08,28.4,61,0.6480319325379623,0.13702654025322752
1378,B,2025-10-09,9.4,43,0.25140953804333044,0.19187883953013943
1379,B,2025-10-10,26.1,50,0.1685733737442608,0.5192231452153857
1380,B,2025-10-11,5.8,89,0.42802718707985954,0.12863366585811956
1381,B,2025-10-12,32.9,71,0.4532001782771886,0.29763431780172384
1382,B,2025-10-13,18.5,62,0.48074177115653216,0.41122160522217505
1383,B,2025-10-14,34.1,49,0.282132238176877,0.3495650242404086
1384,B,2025-10-15,34.9,59,0.8248710392786174,0.47214862687692677
1385,B,2025-10-16,23.8,87,0.8062505838032259,0.32793943779283274
1386,B,2025-10-17,23.3,39,0.6595826311137001,0.5360031022529235
1387,B,2025-10-18,21.4,61,0.22282871382998892,0.44682363213729176
1388,B,2025-10-19,9.9,54,0.6194209878790586,0.651840724234265
1389,B,2025-10-20,28.3,90,0.09685430435031506,0.32730530920051737
1390,B,2025-10-21,16.5,34,0.15493453958827974,0.12342773153100163
1391,B,2025-10-22,16.5,71,0.4434568627203503,0.7481350422110784
1392,B,2025-10-23,25.2,90,0.31733796393215435,0.2129381962367227
1393,B,2025-10-24,33.9,78,0.054873455789183234,0.5081672103466326
1394,B,2025-10-25,18.4,36,0.3342293081674807,0.7571177612673642
1395,B,2025-10-26,24.0,73,0.4554309450677272,0.357148868158306
1396,B,2025-10-27,14.6,59,0.44788633096420083,0.5454384712438131
1397,B,2025-10-28,14.3,69,0.04239064269487373,0.33269054174228996
1398,B,2025-10-29,7.1,30,0.0223212944200422,0.7258505568331407
1399,B,2025-10-30,23.7,77,0.8975778941887684,0.30770711077237434
1400,B,2025-10-31,18.6,36,0.22385946464072642,0.1215223755404636
1401,B,2025-11-01,16.2,42,0.3358568034998878,0.22349204083056262
1402,B,2025-11-02,22.2,30,0.5764108449373844,0.2597620406286413
1403,B,2025-11-03,29.4,35,0.6159508764772507,0.1725756922593352
1404,B,2025-11-04,34.8,73,0.4945333362244279,0.7189573140671839
1405,B,2025-11-05,15.8,87,0.12295434960942413,0.7532752325874016
1406,B,2025-11-06,34.1,82,0.4679194633932987,0.5491464113432205
1407,B,2025-11-07,19.0,70,0.5993655023529711,0.11022456280222755
1408,B,2025-11-08,21.3,74,0.651131468680824,0.25583411333458667
1409,B,2025-11-09,28.4,60,0.7802929000809766,0.6199629365941627
1410,B,2025-11-10,14.9,87,0.7810371792341773,0.12834082042103903
1411,B,2025-11-11,9.8,67,0.11310085046417534,0.8227375911912008
1412,B,2025-11-12,29.7,33,0.42134455047432035,0.7809368181725869
1413,B,2025-11-13,30.3,48,0.5669599989305314,0.4417330473943379
1414,B,2025-11-14,8.5,40,0.6269900717865711,0.30761352515632134
1415,B,2025-11-15,26.4,70,0.7556227621833577,0.42437068575466536
1416,B,2025-11-16,14.0,69,0.7672035892868776,0.31465095027951046
1417,B,2025-11-17,33.7,51,0.7127480235134406,0.18851817011558342
1418,B,2025-11-18,31.7,68,0.004879176537754042,0.7496226132173771
1419,B,2025-11-19,28.9,75,0.22231744811549345,0.3797501246870708
1420,B,2025-11-20,27.0,50,0.4905296288649842,0.5037257288494258
1421,B,2025-11-21,20.3,34,0.6373427947309191,0.36053902259219617
1422,B,2025-11-22,19.0,77,0.8625779968724702,0.31689280489375166
1423,B,2025-11-23,15.8,60,0.3072835500302741,0.006893703698847721
1424,B,2025-11-24,26.6,44,0.8843062717039932,0.0048819372511067615
1425,B,2025-11-25,19.2,72,0.059412354152368244,0.8021859306046507
1426,B,2025-11-26,33.8,80,0.8503883068519564,0.39416518197697503
1427,B,2025-11-27,11.5,45,0.7996824682551272,0.4101770198850578
1428,B,2025-11-28,22.2,60,0.7275357108692991,0.3260347067899349
1429,B,2025-11-29,23.4,40,0.3767989548284698,0.49920424104554234
1430,B,2025-11-30,33.0,65,0.13993066157709572,0.22401925850874976
1431,B,2025-12-01,18.8,48,0.008179728768250896,0.3152121722108491
1432,B,2025-12-02,6.0,71,0.6767981023614329,0.20293496592718366
1433,B,2025-12-03,25.1,71,0.08980112307856758,0.8520640906830482
1434,B,2025-12-04,22.4,46,0.2379675916418276,0.8713663228159555
1435,B,2025-12-05,19.5,72,0.30776344460191624,0.3891303775488037
1436,B,2025-12-06,30.4,72,0.5495799003917515,0.7078728260770419
1437,B,2025-12-07,14.9,84,0.5308536694425382,0.4709627640028085
1438,B,2025-12-08,27.6,62,0.29179682509865373,0.23879310034136356
1439,B,2025-12-09,30.8,86,0.7309858491109754,0.305957704043862
1440,B,2025-12-10,24.8,54,0.45329471327934273,0.018169301951101797
1441,B,2025-12-11,17.1,90,0.30643180851811747,0.8070428202272275
1442,B,2025-12-12,9.9,53,0.34439688791835443,0.05031226686674421
1443,B,2025-12-13,27.9,86,0.46334965664773115,0.8552317754301291
1444,B,2025-12-14,30.1,51,0.23512517566058272,0.2518032679456032
1445,B,2025-12-15,27.0,89,0.34799215022248214,0.8447809091087718
1446,B,2025-12-16,25.1,73,0.41506426521741313,0.1293693782725692
1447,B,2025-12-17,19.9,80,0.8108006649349083,0.6794618978811814
1448,B,2025-12-18,21.7,90,0.8007867187180607,0.3972886465633531
1449,B,2025-12-19,5.6,31,0.5121350316722489,0.23125699586863202
1450,B,2025-12-20,19.6,76,0.4774567748941122,0.006931914431902141
1451,B,2025-12-21,19.4,80,0.5938931407937907,0.6425252386418
1452,B,2025-12-22,34.9,60,0.8124039259550849,0.06670720468870803
1453,B,2025-12-23,28.4,67,0.26783432652093486,0.3854606843184547
1454,B,2025-12-24,19.6,74,0.15841824826864698,0.832301938851452
1455,B,2025-12-25,14.4,49,0.35162256923486057,0.30618582139344497
1456,B,2025-12-26,7.8,69,0.44853881192899303,0.5526925710228379
1457,B,2025-12-27,28.5,80,0.7082784760065979,0.19707305776370787
1458,B,2025-12-28,18.0,76,0.4902386866938876,0.4910471298749837
1459,B,2025-12-29,7.9,85,0.2189108329805043,0.38695079466956356
1460,B,2025-12-30,29.5,87,0.13556850782398533,0.525907139320331
1461,B,2025-12-31,13.4,31,0.5208823341270573,0.8193881384949858
